freq,psd,channel,stem,participant,condition
1.0,65.36833573409804,Fz,7102 amo,7102,amo
1.5,45.006492110689926,Fz,7102 amo,7102,amo
2.0,31.8042291610891,Fz,7102 amo,7102,amo
2.5,25.45307142118301,Fz,7102 amo,7102,amo
3.0,17.600747827757615,Fz,7102 amo,7102,amo
3.5,12.276654345033023,Fz,7102 amo,7102,amo
4.0,8.997115580466824,Fz,7102 amo,7102,amo
4.5,6.992136864275597,Fz,7102 amo,7102,amo
5.0,5.707846133291489,Fz,7102 amo,7102,amo
5.5,4.361314738908846,Fz,7102 amo,7102,amo
6.0,3.7063494283129073,Fz,7102 amo,7102,amo
6.5,4.160267593538049,Fz,7102 amo,7102,amo
7.0,3.639298651280736,Fz,7102 amo,7102,amo
7.5,3.4151464544463637,Fz,7102 amo,7102,amo
8.0,2.9564348865522816,Fz,7102 amo,7102,amo
8.5,2.752747879063784,Fz,7102 amo,7102,amo
9.0,3.268357258771539,Fz,7102 amo,7102,amo
9.5,4.026781089910944,Fz,7102 amo,7102,amo
10.0,4.7930488714473745,Fz,7102 amo,7102,amo
10.5,5.658999663227052,Fz,7102 amo,7102,amo
11.0,4.828689059419105,Fz,7102 amo,7102,amo
11.5,3.2200379684863085,Fz,7102 amo,7102,amo
12.0,2.5950644139437653,Fz,7102 amo,7102,amo
12.5,3.1264631971534937,Fz,7102 amo,7102,amo
13.0,1.4556158203490703,Fz,7102 amo,7102,amo
13.5,0.944274182799569,Fz,7102 amo,7102,amo
14.0,0.8874576762593358,Fz,7102 amo,7102,amo
14.5,0.8022342676395651,Fz,7102 amo,7102,amo
15.0,0.785747714500254,Fz,7102 amo,7102,amo
15.5,0.8021311752486434,Fz,7102 amo,7102,amo
16.0,0.7668788927312842,Fz,7102 amo,7102,amo
16.5,0.6953663283687961,Fz,7102 amo,7102,amo
17.0,0.6832705953783744,Fz,7102 amo,7102,amo
17.5,0.6794226745466057,Fz,7102 amo,7102,amo
18.0,0.9371511222824114,Fz,7102 amo,7102,amo
18.5,1.8796331035102147,Fz,7102 amo,7102,amo
19.0,0.8597946203605121,Fz,7102 amo,7102,amo
19.5,0.5845507210442688,Fz,7102 amo,7102,amo
20.0,0.5671007657900362,Fz,7102 amo,7102,amo
20.5,0.5050579897900693,Fz,7102 amo,7102,amo
21.0,0.5508758763533446,Fz,7102 amo,7102,amo
21.5,0.5352246954441587,Fz,7102 amo,7102,amo
22.0,0.5121260820933048,Fz,7102 amo,7102,amo
22.5,0.4852642543935824,Fz,7102 amo,7102,amo
23.0,0.477395313224778,Fz,7102 amo,7102,amo
23.5,0.45455722268168053,Fz,7102 amo,7102,amo
24.0,0.48147492020790905,Fz,7102 amo,7102,amo
24.5,0.6557179618103669,Fz,7102 amo,7102,amo
25.0,0.4320947342320661,Fz,7102 amo,7102,amo
25.5,0.4102921456495616,Fz,7102 amo,7102,amo
26.0,0.40678794738493573,Fz,7102 amo,7102,amo
26.5,0.37164195389615445,Fz,7102 amo,7102,amo
27.0,0.3855990527163855,Fz,7102 amo,7102,amo
27.5,0.39914729309596797,Fz,7102 amo,7102,amo
28.0,0.4196982903243962,Fz,7102 amo,7102,amo
28.5,0.37958836379311217,Fz,7102 amo,7102,amo
29.0,0.354931540200176,Fz,7102 amo,7102,amo
29.5,0.32365426540317443,Fz,7102 amo,7102,amo
30.0,0.26835759956597227,Fz,7102 amo,7102,amo
30.5,0.2458729748692729,Fz,7102 amo,7102,amo
31.0,0.24755274610744119,Fz,7102 amo,7102,amo
31.5,0.2607622942932486,Fz,7102 amo,7102,amo
32.0,0.26930161518668483,Fz,7102 amo,7102,amo
32.5,0.27803519653822845,Fz,7102 amo,7102,amo
33.0,0.261803502430641,Fz,7102 amo,7102,amo
33.5,0.3079783963781419,Fz,7102 amo,7102,amo
34.0,0.3783293233167322,Fz,7102 amo,7102,amo
34.5,0.3603826775881967,Fz,7102 amo,7102,amo
35.0,0.30196588903038873,Fz,7102 amo,7102,amo
35.5,0.2609082164299383,Fz,7102 amo,7102,amo
36.0,0.23776600756292085,Fz,7102 amo,7102,amo
36.5,0.2760858337617356,Fz,7102 amo,7102,amo
37.0,0.2425281291358227,Fz,7102 amo,7102,amo
37.5,0.24134736871302337,Fz,7102 amo,7102,amo
38.0,0.3606528843840597,Fz,7102 amo,7102,amo
38.5,0.2537009558867032,Fz,7102 amo,7102,amo
39.0,0.23875747166591652,Fz,7102 amo,7102,amo
39.5,0.21361921513203033,Fz,7102 amo,7102,amo
40.0,0.23552488678655392,Fz,7102 amo,7102,amo
1.0,65.60141714752726,Fz,7102 aut,7102,aut
1.5,46.181761056010245,Fz,7102 aut,7102,aut
2.0,34.384382592812834,Fz,7102 aut,7102,aut
2.5,26.647109107884194,Fz,7102 aut,7102,aut
3.0,18.57008969005049,Fz,7102 aut,7102,aut
3.5,12.103518026353722,Fz,7102 aut,7102,aut
4.0,10.069171160420623,Fz,7102 aut,7102,aut
4.5,8.411477348647926,Fz,7102 aut,7102,aut
5.0,6.236754998535769,Fz,7102 aut,7102,aut
5.5,4.915871131000687,Fz,7102 aut,7102,aut
6.0,4.212166517668632,Fz,7102 aut,7102,aut
6.5,4.9602285921621725,Fz,7102 aut,7102,aut
7.0,4.802280379734618,Fz,7102 aut,7102,aut
7.5,3.850048021261762,Fz,7102 aut,7102,aut
8.0,4.203311634149503,Fz,7102 aut,7102,aut
8.5,5.37375111567619,Fz,7102 aut,7102,aut
9.0,6.634857813442272,Fz,7102 aut,7102,aut
9.5,8.829449592771967,Fz,7102 aut,7102,aut
10.0,12.90955946383318,Fz,7102 aut,7102,aut
10.5,14.705585602707893,Fz,7102 aut,7102,aut
11.0,10.59405716095429,Fz,7102 aut,7102,aut
11.5,4.9280126794867956,Fz,7102 aut,7102,aut
12.0,2.856651824383948,Fz,7102 aut,7102,aut
12.5,2.9116454403031016,Fz,7102 aut,7102,aut
13.0,1.64075265582688,Fz,7102 aut,7102,aut
13.5,1.1279238093002624,Fz,7102 aut,7102,aut
14.0,1.0503320946204324,Fz,7102 aut,7102,aut
14.5,1.0398914434769266,Fz,7102 aut,7102,aut
15.0,0.951657735331081,Fz,7102 aut,7102,aut
15.5,0.9514451611600137,Fz,7102 aut,7102,aut
16.0,0.9689073396157364,Fz,7102 aut,7102,aut
16.5,1.0066971582927218,Fz,7102 aut,7102,aut
17.0,0.9736162306231205,Fz,7102 aut,7102,aut
17.5,0.921556826710787,Fz,7102 aut,7102,aut
18.0,0.9509506183152455,Fz,7102 aut,7102,aut
18.5,1.7431607374456992,Fz,7102 aut,7102,aut
19.0,1.1221686943192482,Fz,7102 aut,7102,aut
19.5,0.8441832918399078,Fz,7102 aut,7102,aut
20.0,0.8582358086807913,Fz,7102 aut,7102,aut
20.5,0.8827629654651256,Fz,7102 aut,7102,aut
21.0,0.877343455435634,Fz,7102 aut,7102,aut
21.5,0.760165952834151,Fz,7102 aut,7102,aut
22.0,0.7528049905246516,Fz,7102 aut,7102,aut
22.5,0.7127800999690144,Fz,7102 aut,7102,aut
23.0,0.654805468824603,Fz,7102 aut,7102,aut
23.5,0.5805134643344675,Fz,7102 aut,7102,aut
24.0,0.5763743088227871,Fz,7102 aut,7102,aut
24.5,0.7169460447288671,Fz,7102 aut,7102,aut
25.0,0.5813946129063677,Fz,7102 aut,7102,aut
25.5,0.5510707578744964,Fz,7102 aut,7102,aut
26.0,0.5064989019770991,Fz,7102 aut,7102,aut
26.5,0.530683814961234,Fz,7102 aut,7102,aut
27.0,0.5275274155034487,Fz,7102 aut,7102,aut
27.5,0.5170844034169417,Fz,7102 aut,7102,aut
28.0,0.5395494883746785,Fz,7102 aut,7102,aut
28.5,0.5130270973573534,Fz,7102 aut,7102,aut
29.0,0.46365024277426836,Fz,7102 aut,7102,aut
29.5,0.4117870889679153,Fz,7102 aut,7102,aut
30.0,0.39829428775599407,Fz,7102 aut,7102,aut
30.5,0.4070378366591503,Fz,7102 aut,7102,aut
31.0,0.4202926382650651,Fz,7102 aut,7102,aut
31.5,0.350567771115695,Fz,7102 aut,7102,aut
32.0,0.35226919643582427,Fz,7102 aut,7102,aut
32.5,0.33981078371074086,Fz,7102 aut,7102,aut
33.0,0.36196845271100536,Fz,7102 aut,7102,aut
33.5,0.35407798964494286,Fz,7102 aut,7102,aut
34.0,0.46085083499571833,Fz,7102 aut,7102,aut
34.5,0.494375364264797,Fz,7102 aut,7102,aut
35.0,0.4105861756895264,Fz,7102 aut,7102,aut
35.5,0.40151748968836254,Fz,7102 aut,7102,aut
36.0,0.35801585214587567,Fz,7102 aut,7102,aut
36.5,0.39279830412319405,Fz,7102 aut,7102,aut
37.0,0.3847792931412181,Fz,7102 aut,7102,aut
37.5,0.385233913093292,Fz,7102 aut,7102,aut
38.0,0.4319978461691892,Fz,7102 aut,7102,aut
38.5,0.3831543492760854,Fz,7102 aut,7102,aut
39.0,0.3629065822733084,Fz,7102 aut,7102,aut
39.5,0.31077781634782065,Fz,7102 aut,7102,aut
40.0,0.34559532236285323,Fz,7102 aut,7102,aut
1.0,71.59093124679991,Fz,7103 amo,7103,amo
1.5,35.03451528426613,Fz,7103 amo,7103,amo
2.0,16.353270264227884,Fz,7103 amo,7103,amo
2.5,10.902490940358248,Fz,7103 amo,7103,amo
3.0,9.533908532694259,Fz,7103 amo,7103,amo
3.5,9.800484515561392,Fz,7103 amo,7103,amo
4.0,8.359199532778709,Fz,7103 amo,7103,amo
4.5,6.250421224115941,Fz,7103 amo,7103,amo
5.0,6.302533318712917,Fz,7103 amo,7103,amo
5.5,5.58219519125829,Fz,7103 amo,7103,amo
6.0,5.700747556465512,Fz,7103 amo,7103,amo
6.5,6.116805011480189,Fz,7103 amo,7103,amo
7.0,4.576502986939056,Fz,7103 amo,7103,amo
7.5,4.37963626824205,Fz,7103 amo,7103,amo
8.0,4.2236097561928405,Fz,7103 amo,7103,amo
8.5,3.977481955161141,Fz,7103 amo,7103,amo
9.0,4.135230734204722,Fz,7103 amo,7103,amo
9.5,3.6554916827478787,Fz,7103 amo,7103,amo
10.0,2.8881194229880847,Fz,7103 amo,7103,amo
10.5,2.8483556216891013,Fz,7103 amo,7103,amo
11.0,3.095843633345472,Fz,7103 amo,7103,amo
11.5,3.026717056409935,Fz,7103 amo,7103,amo
12.0,3.2173689199058013,Fz,7103 amo,7103,amo
12.5,3.800556307789151,Fz,7103 amo,7103,amo
13.0,2.4263129330765056,Fz,7103 amo,7103,amo
13.5,2.322549059929966,Fz,7103 amo,7103,amo
14.0,2.2584286695973272,Fz,7103 amo,7103,amo
14.5,2.0378113536520925,Fz,7103 amo,7103,amo
15.0,2.0742341672993283,Fz,7103 amo,7103,amo
15.5,1.9749075027421843,Fz,7103 amo,7103,amo
16.0,2.1690292738065446,Fz,7103 amo,7103,amo
16.5,2.347864343439019,Fz,7103 amo,7103,amo
17.0,2.258288711004185,Fz,7103 amo,7103,amo
17.5,2.0759883167850135,Fz,7103 amo,7103,amo
18.0,2.3929600526705848,Fz,7103 amo,7103,amo
18.5,3.0912917331735486,Fz,7103 amo,7103,amo
19.0,2.1551882058253238,Fz,7103 amo,7103,amo
19.5,2.016427673953082,Fz,7103 amo,7103,amo
20.0,1.8886151106350466,Fz,7103 amo,7103,amo
20.5,1.7810920686765006,Fz,7103 amo,7103,amo
21.0,1.6771564698672807,Fz,7103 amo,7103,amo
21.5,1.507791556558729,Fz,7103 amo,7103,amo
22.0,1.311813610048821,Fz,7103 amo,7103,amo
22.5,1.2060244825829527,Fz,7103 amo,7103,amo
23.0,1.1841160173209295,Fz,7103 amo,7103,amo
23.5,1.2503574646687887,Fz,7103 amo,7103,amo
24.0,1.2064463754759558,Fz,7103 amo,7103,amo
24.5,1.277535308255006,Fz,7103 amo,7103,amo
25.0,0.9941565370928933,Fz,7103 amo,7103,amo
25.5,0.8988765798718196,Fz,7103 amo,7103,amo
26.0,0.8943517631936115,Fz,7103 amo,7103,amo
26.5,0.8375975251486687,Fz,7103 amo,7103,amo
27.0,0.7462533769498849,Fz,7103 amo,7103,amo
27.5,0.624041445101781,Fz,7103 amo,7103,amo
28.0,0.5724897149505846,Fz,7103 amo,7103,amo
28.5,0.6129504743551553,Fz,7103 amo,7103,amo
29.0,0.623220949839346,Fz,7103 amo,7103,amo
29.5,0.48642925473044707,Fz,7103 amo,7103,amo
30.0,0.45427323569203365,Fz,7103 amo,7103,amo
30.5,0.43930150810118335,Fz,7103 amo,7103,amo
31.0,0.4724623888890476,Fz,7103 amo,7103,amo
31.5,0.4718320102299486,Fz,7103 amo,7103,amo
32.0,0.4596477808171012,Fz,7103 amo,7103,amo
32.5,0.4019153161498099,Fz,7103 amo,7103,amo
33.0,0.3846036463081365,Fz,7103 amo,7103,amo
33.5,0.3808446417850613,Fz,7103 amo,7103,amo
34.0,0.3698888276962019,Fz,7103 amo,7103,amo
34.5,0.33267134817677163,Fz,7103 amo,7103,amo
35.0,0.3075708201112688,Fz,7103 amo,7103,amo
35.5,0.303822537412871,Fz,7103 amo,7103,amo
36.0,0.3457656549544821,Fz,7103 amo,7103,amo
36.5,0.3769331033325511,Fz,7103 amo,7103,amo
37.0,0.3041778870387252,Fz,7103 amo,7103,amo
37.5,0.28868499164160094,Fz,7103 amo,7103,amo
38.0,0.364855315475356,Fz,7103 amo,7103,amo
38.5,0.3288094563034935,Fz,7103 amo,7103,amo
39.0,0.3142814418583705,Fz,7103 amo,7103,amo
39.5,0.26820792214568445,Fz,7103 amo,7103,amo
40.0,0.2445819837170312,Fz,7103 amo,7103,amo
1.0,34.621017403077154,Pz,7103 amo,7103,amo
1.5,21.26566723578568,Pz,7103 amo,7103,amo
2.0,12.09865854524697,Pz,7103 amo,7103,amo
2.5,9.346167397393375,Pz,7103 amo,7103,amo
3.0,7.356873004944035,Pz,7103 amo,7103,amo
3.5,8.261686551803693,Pz,7103 amo,7103,amo
4.0,7.455930279875929,Pz,7103 amo,7103,amo
4.5,5.5386030289334025,Pz,7103 amo,7103,amo
5.0,7.152505517290436,Pz,7103 amo,7103,amo
5.5,5.787261578600999,Pz,7103 amo,7103,amo
6.0,5.357266192061183,Pz,7103 amo,7103,amo
6.5,6.331933555425697,Pz,7103 amo,7103,amo
7.0,5.940997419053533,Pz,7103 amo,7103,amo
7.5,6.299405205659902,Pz,7103 amo,7103,amo
8.0,6.049276661854157,Pz,7103 amo,7103,amo
8.5,5.072107951094275,Pz,7103 amo,7103,amo
9.0,4.719807138445659,Pz,7103 amo,7103,amo
9.5,4.520557575701076,Pz,7103 amo,7103,amo
10.0,4.37216615505981,Pz,7103 amo,7103,amo
10.5,4.866667506234696,Pz,7103 amo,7103,amo
11.0,4.7633681762882505,Pz,7103 amo,7103,amo
11.5,4.676334811793837,Pz,7103 amo,7103,amo
12.0,4.930408380195515,Pz,7103 amo,7103,amo
12.5,5.203556991586665,Pz,7103 amo,7103,amo
13.0,4.396053036543872,Pz,7103 amo,7103,amo
13.5,4.103133620296922,Pz,7103 amo,7103,amo
14.0,3.9318029044573763,Pz,7103 amo,7103,amo
14.5,3.5419721885848623,Pz,7103 amo,7103,amo
15.0,3.494305169389669,Pz,7103 amo,7103,amo
15.5,3.460838855985659,Pz,7103 amo,7103,amo
16.0,3.2844181752523625,Pz,7103 amo,7103,amo
16.5,3.4648168774733636,Pz,7103 amo,7103,amo
17.0,3.189526628324614,Pz,7103 amo,7103,amo
17.5,2.928326714571669,Pz,7103 amo,7103,amo
18.0,2.9492385695823553,Pz,7103 amo,7103,amo
18.5,3.116936531743493,Pz,7103 amo,7103,amo
19.0,2.742976019396083,Pz,7103 amo,7103,amo
19.5,2.802638388316412,Pz,7103 amo,7103,amo
20.0,2.468562079247642,Pz,7103 amo,7103,amo
20.5,2.3834772932373953,Pz,7103 amo,7103,amo
21.0,2.110059464191671,Pz,7103 amo,7103,amo
21.5,1.9132863119500474,Pz,7103 amo,7103,amo
22.0,1.8459791359078066,Pz,7103 amo,7103,amo
22.5,1.566412285952761,Pz,7103 amo,7103,amo
23.0,1.483864684710455,Pz,7103 amo,7103,amo
23.5,1.3781357562754843,Pz,7103 amo,7103,amo
24.0,1.368090689276746,Pz,7103 amo,7103,amo
24.5,1.333233545889223,Pz,7103 amo,7103,amo
25.0,1.1164866731113614,Pz,7103 amo,7103,amo
25.5,1.0283135160347823,Pz,7103 amo,7103,amo
26.0,0.9800189300378359,Pz,7103 amo,7103,amo
26.5,0.9052577605801272,Pz,7103 amo,7103,amo
27.0,0.7931701602755075,Pz,7103 amo,7103,amo
27.5,0.7461025205276882,Pz,7103 amo,7103,amo
28.0,0.6735163378883846,Pz,7103 amo,7103,amo
28.5,0.6084665329998737,Pz,7103 amo,7103,amo
29.0,0.5545436289019167,Pz,7103 amo,7103,amo
29.5,0.51390555779384,Pz,7103 amo,7103,amo
30.0,0.5266488231356649,Pz,7103 amo,7103,amo
30.5,0.5186249359619453,Pz,7103 amo,7103,amo
31.0,0.46409132183301843,Pz,7103 amo,7103,amo
31.5,0.49055988763483055,Pz,7103 amo,7103,amo
32.0,0.48340753169473505,Pz,7103 amo,7103,amo
32.5,0.423579676387822,Pz,7103 amo,7103,amo
33.0,0.4149637115425659,Pz,7103 amo,7103,amo
33.5,0.3876506554277418,Pz,7103 amo,7103,amo
34.0,0.3734281785163835,Pz,7103 amo,7103,amo
34.5,0.3628930377700179,Pz,7103 amo,7103,amo
35.0,0.3393021166069947,Pz,7103 amo,7103,amo
35.5,0.29970977509870217,Pz,7103 amo,7103,amo
36.0,0.2892097262177578,Pz,7103 amo,7103,amo
36.5,0.31430758126584485,Pz,7103 amo,7103,amo
37.0,0.28872288519124445,Pz,7103 amo,7103,amo
37.5,0.29663271998962265,Pz,7103 amo,7103,amo
38.0,0.34149200837658844,Pz,7103 amo,7103,amo
38.5,0.3075057070179666,Pz,7103 amo,7103,amo
39.0,0.2805021972111006,Pz,7103 amo,7103,amo
39.5,0.26455793338026057,Pz,7103 amo,7103,amo
40.0,0.2580926741202651,Pz,7103 amo,7103,amo
1.0,92.25796463268578,Fz,7103 aut,7103,aut
1.5,42.1219885671498,Fz,7103 aut,7103,aut
2.0,18.801985645532984,Fz,7103 aut,7103,aut
2.5,12.477853515985174,Fz,7103 aut,7103,aut
3.0,10.145297047278989,Fz,7103 aut,7103,aut
3.5,9.848049540041789,Fz,7103 aut,7103,aut
4.0,9.329889847178096,Fz,7103 aut,7103,aut
4.5,5.952157252147344,Fz,7103 aut,7103,aut
5.0,6.618744426223704,Fz,7103 aut,7103,aut
5.5,6.891222068720702,Fz,7103 aut,7103,aut
6.0,6.4044445692693746,Fz,7103 aut,7103,aut
6.5,7.9728860337867165,Fz,7103 aut,7103,aut
7.0,6.107713278053476,Fz,7103 aut,7103,aut
7.5,5.045732563477159,Fz,7103 aut,7103,aut
8.0,5.0786955543400545,Fz,7103 aut,7103,aut
8.5,4.487787441319956,Fz,7103 aut,7103,aut
9.0,4.608024152238229,Fz,7103 aut,7103,aut
9.5,4.407621543404654,Fz,7103 aut,7103,aut
10.0,3.785168588052389,Fz,7103 aut,7103,aut
10.5,3.4489346458796795,Fz,7103 aut,7103,aut
11.0,3.680335931275455,Fz,7103 aut,7103,aut
11.5,3.927900327413243,Fz,7103 aut,7103,aut
12.0,4.005071686958658,Fz,7103 aut,7103,aut
12.5,4.2631677201345894,Fz,7103 aut,7103,aut
13.0,3.036189218634808,Fz,7103 aut,7103,aut
13.5,3.00609368593668,Fz,7103 aut,7103,aut
14.0,2.663193475299869,Fz,7103 aut,7103,aut
14.5,2.4858433516158116,Fz,7103 aut,7103,aut
15.0,2.4712431185133092,Fz,7103 aut,7103,aut
15.5,2.5105503674862417,Fz,7103 aut,7103,aut
16.0,2.766160407397496,Fz,7103 aut,7103,aut
16.5,2.6571591325679447,Fz,7103 aut,7103,aut
17.0,2.6325457765102898,Fz,7103 aut,7103,aut
17.5,2.5625280843337563,Fz,7103 aut,7103,aut
18.0,2.8706296268618376,Fz,7103 aut,7103,aut
18.5,3.5765331699529987,Fz,7103 aut,7103,aut
19.0,2.566887776714387,Fz,7103 aut,7103,aut
19.5,2.4205674450221486,Fz,7103 aut,7103,aut
20.0,2.2787281318506327,Fz,7103 aut,7103,aut
20.5,2.146299543466863,Fz,7103 aut,7103,aut
21.0,2.0086068145438767,Fz,7103 aut,7103,aut
21.5,1.8063950789918644,Fz,7103 aut,7103,aut
22.0,1.6704946368927582,Fz,7103 aut,7103,aut
22.5,1.4943264372080634,Fz,7103 aut,7103,aut
23.0,1.46524514780179,Fz,7103 aut,7103,aut
23.5,1.4487088610905021,Fz,7103 aut,7103,aut
24.0,1.3960960621897363,Fz,7103 aut,7103,aut
24.5,1.4170665558457862,Fz,7103 aut,7103,aut
25.0,1.1541633109063045,Fz,7103 aut,7103,aut
25.5,1.05208313401035,Fz,7103 aut,7103,aut
26.0,0.9730409759787815,Fz,7103 aut,7103,aut
26.5,1.002310341442956,Fz,7103 aut,7103,aut
27.0,0.9484057899645677,Fz,7103 aut,7103,aut
27.5,0.7891790760654027,Fz,7103 aut,7103,aut
28.0,0.830980568106484,Fz,7103 aut,7103,aut
28.5,0.7854022156823575,Fz,7103 aut,7103,aut
29.0,0.6988677719743736,Fz,7103 aut,7103,aut
29.5,0.6906912992280145,Fz,7103 aut,7103,aut
30.0,0.6630876292205562,Fz,7103 aut,7103,aut
30.5,0.5952106527680272,Fz,7103 aut,7103,aut
31.0,0.5809647099538013,Fz,7103 aut,7103,aut
31.5,0.5874489320076726,Fz,7103 aut,7103,aut
32.0,0.5758750494033318,Fz,7103 aut,7103,aut
32.5,0.5288363620189662,Fz,7103 aut,7103,aut
33.0,0.5347340397845466,Fz,7103 aut,7103,aut
33.5,0.5175959326385743,Fz,7103 aut,7103,aut
34.0,0.5070666808344613,Fz,7103 aut,7103,aut
34.5,0.5026981923033963,Fz,7103 aut,7103,aut
35.0,0.44700773066175037,Fz,7103 aut,7103,aut
35.5,0.45410185440509265,Fz,7103 aut,7103,aut
36.0,0.4533870627861115,Fz,7103 aut,7103,aut
36.5,0.4976571998790488,Fz,7103 aut,7103,aut
37.0,0.4112054601229695,Fz,7103 aut,7103,aut
37.5,0.41545735609029827,Fz,7103 aut,7103,aut
38.0,0.48627892199516504,Fz,7103 aut,7103,aut
38.5,0.4325423942293962,Fz,7103 aut,7103,aut
39.0,0.45436022638317547,Fz,7103 aut,7103,aut
39.5,0.42050575600377227,Fz,7103 aut,7103,aut
40.0,0.3657881375612786,Fz,7103 aut,7103,aut
1.0,47.175737720690435,Pz,7103 aut,7103,aut
1.5,28.722807970579204,Pz,7103 aut,7103,aut
2.0,15.9711609162401,Pz,7103 aut,7103,aut
2.5,12.021353425597749,Pz,7103 aut,7103,aut
3.0,8.629812677087624,Pz,7103 aut,7103,aut
3.5,7.927634644834224,Pz,7103 aut,7103,aut
4.0,9.059574813708876,Pz,7103 aut,7103,aut
4.5,6.0740078543322875,Pz,7103 aut,7103,aut
5.0,7.18818722538439,Pz,7103 aut,7103,aut
5.5,7.480426771506244,Pz,7103 aut,7103,aut
6.0,6.075661488613101,Pz,7103 aut,7103,aut
6.5,7.551383185050584,Pz,7103 aut,7103,aut
7.0,6.574592017175388,Pz,7103 aut,7103,aut
7.5,6.496121727653985,Pz,7103 aut,7103,aut
8.0,6.602311543536874,Pz,7103 aut,7103,aut
8.5,5.673278029982677,Pz,7103 aut,7103,aut
9.0,5.400244948831041,Pz,7103 aut,7103,aut
9.5,5.161004207834296,Pz,7103 aut,7103,aut
10.0,5.122036082910939,Pz,7103 aut,7103,aut
10.5,5.347290097965185,Pz,7103 aut,7103,aut
11.0,5.816192686716044,Pz,7103 aut,7103,aut
11.5,6.970083860050273,Pz,7103 aut,7103,aut
12.0,7.794035247463566,Pz,7103 aut,7103,aut
12.5,6.898590186162296,Pz,7103 aut,7103,aut
13.0,5.510118856882856,Pz,7103 aut,7103,aut
13.5,4.764201162465042,Pz,7103 aut,7103,aut
14.0,3.9119499551747703,Pz,7103 aut,7103,aut
14.5,3.8758036992376526,Pz,7103 aut,7103,aut
15.0,3.744306983424231,Pz,7103 aut,7103,aut
15.5,3.5871584370277505,Pz,7103 aut,7103,aut
16.0,3.6786214630472105,Pz,7103 aut,7103,aut
16.5,3.4830453514168394,Pz,7103 aut,7103,aut
17.0,3.511049741208692,Pz,7103 aut,7103,aut
17.5,3.55437885500235,Pz,7103 aut,7103,aut
18.0,3.545039963137505,Pz,7103 aut,7103,aut
18.5,3.5716621472908123,Pz,7103 aut,7103,aut
19.0,3.113812710117759,Pz,7103 aut,7103,aut
19.5,3.060642440428761,Pz,7103 aut,7103,aut
20.0,3.065120994361673,Pz,7103 aut,7103,aut
20.5,2.8823474577932737,Pz,7103 aut,7103,aut
21.0,2.5412704155558896,Pz,7103 aut,7103,aut
21.5,2.3427405085203037,Pz,7103 aut,7103,aut
22.0,2.2036160807043075,Pz,7103 aut,7103,aut
22.5,1.9684401952750699,Pz,7103 aut,7103,aut
23.0,1.9215410506450952,Pz,7103 aut,7103,aut
23.5,1.770037058477845,Pz,7103 aut,7103,aut
24.0,1.537169844376395,Pz,7103 aut,7103,aut
24.5,1.524022722816364,Pz,7103 aut,7103,aut
25.0,1.2398595653080318,Pz,7103 aut,7103,aut
25.5,1.1249470085911017,Pz,7103 aut,7103,aut
26.0,1.0478126150178788,Pz,7103 aut,7103,aut
26.5,1.0022063038779443,Pz,7103 aut,7103,aut
27.0,1.0282309065408373,Pz,7103 aut,7103,aut
27.5,0.8292620060845693,Pz,7103 aut,7103,aut
28.0,0.7829686343863025,Pz,7103 aut,7103,aut
28.5,0.7291379484202428,Pz,7103 aut,7103,aut
29.0,0.6706031789214538,Pz,7103 aut,7103,aut
29.5,0.6267470383144481,Pz,7103 aut,7103,aut
30.0,0.5681447805073435,Pz,7103 aut,7103,aut
30.5,0.5434721023818139,Pz,7103 aut,7103,aut
31.0,0.5582318557466391,Pz,7103 aut,7103,aut
31.5,0.559310514921974,Pz,7103 aut,7103,aut
32.0,0.5192350038374848,Pz,7103 aut,7103,aut
32.5,0.4763542010219598,Pz,7103 aut,7103,aut
33.0,0.4838142259051045,Pz,7103 aut,7103,aut
33.5,0.4611990968142648,Pz,7103 aut,7103,aut
34.0,0.43077515185810883,Pz,7103 aut,7103,aut
34.5,0.42864313872970017,Pz,7103 aut,7103,aut
35.0,0.4115759587850786,Pz,7103 aut,7103,aut
35.5,0.396041778502383,Pz,7103 aut,7103,aut
36.0,0.42284178399874434,Pz,7103 aut,7103,aut
36.5,0.41371200542539766,Pz,7103 aut,7103,aut
37.0,0.3712608001028465,Pz,7103 aut,7103,aut
37.5,0.3906445954834997,Pz,7103 aut,7103,aut
38.0,0.3992449186040687,Pz,7103 aut,7103,aut
38.5,0.3799885551627586,Pz,7103 aut,7103,aut
39.0,0.3782737501267109,Pz,7103 aut,7103,aut
39.5,0.38040912894513157,Pz,7103 aut,7103,aut
40.0,0.354117889298255,Pz,7103 aut,7103,aut
1.0,69.21339203476336,Fz,7104 amo,7104,amo
1.5,36.171823338304506,Fz,7104 amo,7104,amo
2.0,14.628578675545826,Fz,7104 amo,7104,amo
2.5,8.398116427181318,Fz,7104 amo,7104,amo
3.0,8.324409567185182,Fz,7104 amo,7104,amo
3.5,7.1149176763431505,Fz,7104 amo,7104,amo
4.0,5.622630326338743,Fz,7104 amo,7104,amo
4.5,4.790889185603961,Fz,7104 amo,7104,amo
5.0,3.6788060066986867,Fz,7104 amo,7104,amo
5.5,3.496418322029059,Fz,7104 amo,7104,amo
6.0,3.942982666420735,Fz,7104 amo,7104,amo
6.5,4.023559411432653,Fz,7104 amo,7104,amo
7.0,2.714078537564171,Fz,7104 amo,7104,amo
7.5,2.393186261675314,Fz,7104 amo,7104,amo
8.0,2.4890379454935876,Fz,7104 amo,7104,amo
8.5,2.529947161233807,Fz,7104 amo,7104,amo
9.0,2.6618420842654507,Fz,7104 amo,7104,amo
9.5,2.3439821984417963,Fz,7104 amo,7104,amo
10.0,1.899525497208469,Fz,7104 amo,7104,amo
10.5,2.0549914717574267,Fz,7104 amo,7104,amo
11.0,2.087399893521767,Fz,7104 amo,7104,amo
11.5,1.8157851459601146,Fz,7104 amo,7104,amo
12.0,1.554449840132677,Fz,7104 amo,7104,amo
12.5,2.3059258677984786,Fz,7104 amo,7104,amo
13.0,1.437532239667601,Fz,7104 amo,7104,amo
13.5,1.3005741502131245,Fz,7104 amo,7104,amo
14.0,1.2646390264234326,Fz,7104 amo,7104,amo
14.5,1.0669363732158021,Fz,7104 amo,7104,amo
15.0,0.9727123587900236,Fz,7104 amo,7104,amo
15.5,1.0692482896751379,Fz,7104 amo,7104,amo
16.0,1.140712779037632,Fz,7104 amo,7104,amo
16.5,1.1150788099405493,Fz,7104 amo,7104,amo
17.0,1.0025120353458838,Fz,7104 amo,7104,amo
17.5,0.9409723464015044,Fz,7104 amo,7104,amo
18.0,1.1470285612733289,Fz,7104 amo,7104,amo
18.5,2.0187837013631547,Fz,7104 amo,7104,amo
19.0,1.3078480994630761,Fz,7104 amo,7104,amo
19.5,0.9875046329672152,Fz,7104 amo,7104,amo
20.0,0.9545189864974046,Fz,7104 amo,7104,amo
20.5,0.9216837785982837,Fz,7104 amo,7104,amo
21.0,1.0799345828462734,Fz,7104 amo,7104,amo
21.5,1.0838048924545862,Fz,7104 amo,7104,amo
22.0,1.0475610591729672,Fz,7104 amo,7104,amo
22.5,0.9601166816019218,Fz,7104 amo,7104,amo
23.0,0.9879420805088033,Fz,7104 amo,7104,amo
23.5,0.9846542402661292,Fz,7104 amo,7104,amo
24.0,1.0739206346193202,Fz,7104 amo,7104,amo
24.5,1.161945048119306,Fz,7104 amo,7104,amo
25.0,0.9017393308943958,Fz,7104 amo,7104,amo
25.5,0.8821242455981418,Fz,7104 amo,7104,amo
26.0,0.8591613209453812,Fz,7104 amo,7104,amo
26.5,0.8663635548777876,Fz,7104 amo,7104,amo
27.0,0.7945170504675925,Fz,7104 amo,7104,amo
27.5,0.7582642179043753,Fz,7104 amo,7104,amo
28.0,0.8259313686433284,Fz,7104 amo,7104,amo
28.5,0.8872657270608858,Fz,7104 amo,7104,amo
29.0,0.8269956113865972,Fz,7104 amo,7104,amo
29.5,0.7048415273913554,Fz,7104 amo,7104,amo
30.0,0.6350619689904966,Fz,7104 amo,7104,amo
30.5,0.6476725151949492,Fz,7104 amo,7104,amo
31.0,0.6606476304394346,Fz,7104 amo,7104,amo
31.5,0.6873026625542309,Fz,7104 amo,7104,amo
32.0,0.6495829147493952,Fz,7104 amo,7104,amo
32.5,0.6136830279255076,Fz,7104 amo,7104,amo
33.0,0.6887613129815394,Fz,7104 amo,7104,amo
33.5,0.7183443014785172,Fz,7104 amo,7104,amo
34.0,0.715874460682879,Fz,7104 amo,7104,amo
34.5,0.7190171709638046,Fz,7104 amo,7104,amo
35.0,0.66413550944672,Fz,7104 amo,7104,amo
35.5,0.642553202361829,Fz,7104 amo,7104,amo
36.0,0.6239562110084473,Fz,7104 amo,7104,amo
36.5,0.6819512854659032,Fz,7104 amo,7104,amo
37.0,0.6135363132390652,Fz,7104 amo,7104,amo
37.5,0.6191043279867575,Fz,7104 amo,7104,amo
38.0,0.7006514731288404,Fz,7104 amo,7104,amo
38.5,0.5734441623611825,Fz,7104 amo,7104,amo
39.0,0.6118422646849745,Fz,7104 amo,7104,amo
39.5,0.6137741040794382,Fz,7104 amo,7104,amo
40.0,0.6110270089355035,Fz,7104 amo,7104,amo
1.0,44.518320661160224,Pz,7104 amo,7104,amo
1.5,25.263854274381934,Pz,7104 amo,7104,amo
2.0,16.006341642345205,Pz,7104 amo,7104,amo
2.5,10.648493505878447,Pz,7104 amo,7104,amo
3.0,7.8984231346200025,Pz,7104 amo,7104,amo
3.5,5.9296871675447855,Pz,7104 amo,7104,amo
4.0,4.4875281496077895,Pz,7104 amo,7104,amo
4.5,4.3790249871006015,Pz,7104 amo,7104,amo
5.0,3.715204914606214,Pz,7104 amo,7104,amo
5.5,2.952479059228063,Pz,7104 amo,7104,amo
6.0,2.494185553129479,Pz,7104 amo,7104,amo
6.5,2.3447540997493057,Pz,7104 amo,7104,amo
7.0,2.173229404050804,Pz,7104 amo,7104,amo
7.5,2.2244459920232353,Pz,7104 amo,7104,amo
8.0,2.0794957347186185,Pz,7104 amo,7104,amo
8.5,1.8642038089825488,Pz,7104 amo,7104,amo
9.0,1.9251070505145191,Pz,7104 amo,7104,amo
9.5,2.303317979780716,Pz,7104 amo,7104,amo
10.0,3.1240290588085884,Pz,7104 amo,7104,amo
10.5,3.3716627865080886,Pz,7104 amo,7104,amo
11.0,2.501854184565949,Pz,7104 amo,7104,amo
11.5,1.888738740435786,Pz,7104 amo,7104,amo
12.0,1.7892994779059668,Pz,7104 amo,7104,amo
12.5,1.8716850564633094,Pz,7104 amo,7104,amo
13.0,1.6070830187927692,Pz,7104 amo,7104,amo
13.5,1.3861062050732826,Pz,7104 amo,7104,amo
14.0,1.373929277215801,Pz,7104 amo,7104,amo
14.5,1.2581245370317102,Pz,7104 amo,7104,amo
15.0,1.2083631202525673,Pz,7104 amo,7104,amo
15.5,1.185307160162694,Pz,7104 amo,7104,amo
16.0,1.1017825196159206,Pz,7104 amo,7104,amo
16.5,1.1031347868413361,Pz,7104 amo,7104,amo
17.0,1.0632633117137873,Pz,7104 amo,7104,amo
17.5,1.0203274378095042,Pz,7104 amo,7104,amo
18.0,1.0380291016284107,Pz,7104 amo,7104,amo
18.5,1.2422364579707987,Pz,7104 amo,7104,amo
19.0,1.082323060320822,Pz,7104 amo,7104,amo
19.5,0.9704175017534369,Pz,7104 amo,7104,amo
20.0,0.946271980698598,Pz,7104 amo,7104,amo
20.5,0.9397255023939574,Pz,7104 amo,7104,amo
21.0,0.9395362407640002,Pz,7104 amo,7104,amo
21.5,0.8931565617610855,Pz,7104 amo,7104,amo
22.0,0.8479727420849603,Pz,7104 amo,7104,amo
22.5,0.8463565959168712,Pz,7104 amo,7104,amo
23.0,0.8147982417486591,Pz,7104 amo,7104,amo
23.5,0.7809728160593918,Pz,7104 amo,7104,amo
24.0,0.801601661630274,Pz,7104 amo,7104,amo
24.5,0.8095966238813473,Pz,7104 amo,7104,amo
25.0,0.689260083868502,Pz,7104 amo,7104,amo
25.5,0.7345073148792992,Pz,7104 amo,7104,amo
26.0,0.7367081203452275,Pz,7104 amo,7104,amo
26.5,0.6784995949693575,Pz,7104 amo,7104,amo
27.0,0.6310345824474776,Pz,7104 amo,7104,amo
27.5,0.6119908549753694,Pz,7104 amo,7104,amo
28.0,0.607480405350213,Pz,7104 amo,7104,amo
28.5,0.5922513742072641,Pz,7104 amo,7104,amo
29.0,0.5662503313172197,Pz,7104 amo,7104,amo
29.5,0.5230266715670017,Pz,7104 amo,7104,amo
30.0,0.537048684187527,Pz,7104 amo,7104,amo
30.5,0.486413855465055,Pz,7104 amo,7104,amo
31.0,0.5314764944243741,Pz,7104 amo,7104,amo
31.5,0.5530040301003419,Pz,7104 amo,7104,amo
32.0,0.4812288103801844,Pz,7104 amo,7104,amo
32.5,0.4842845053403925,Pz,7104 amo,7104,amo
33.0,0.48018804089348766,Pz,7104 amo,7104,amo
33.5,0.43748342310277194,Pz,7104 amo,7104,amo
34.0,0.4295047669696109,Pz,7104 amo,7104,amo
34.5,0.49581775206673523,Pz,7104 amo,7104,amo
35.0,0.49502503530904274,Pz,7104 amo,7104,amo
35.5,0.45460127484552004,Pz,7104 amo,7104,amo
36.0,0.46034215259343586,Pz,7104 amo,7104,amo
36.5,0.42912416953261,Pz,7104 amo,7104,amo
37.0,0.4262166765130516,Pz,7104 amo,7104,amo
37.5,0.45482123163980703,Pz,7104 amo,7104,amo
38.0,0.5066951498676654,Pz,7104 amo,7104,amo
38.5,0.4671133905706401,Pz,7104 amo,7104,amo
39.0,0.4364441594825736,Pz,7104 amo,7104,amo
39.5,0.4181299133598967,Pz,7104 amo,7104,amo
40.0,0.41163764444886325,Pz,7104 amo,7104,amo
1.0,81.79445937393665,Fz,7104 aut,7104,aut
1.5,41.24487376949425,Fz,7104 aut,7104,aut
2.0,17.124640973624516,Fz,7104 aut,7104,aut
2.5,9.610011036456946,Fz,7104 aut,7104,aut
3.0,10.110472127203085,Fz,7104 aut,7104,aut
3.5,8.689106768706177,Fz,7104 aut,7104,aut
4.0,7.04899645099391,Fz,7104 aut,7104,aut
4.5,5.422737039136874,Fz,7104 aut,7104,aut
5.0,4.178975580737894,Fz,7104 aut,7104,aut
5.5,4.280584247200594,Fz,7104 aut,7104,aut
6.0,4.76699193505884,Fz,7104 aut,7104,aut
6.5,4.161275023256549,Fz,7104 aut,7104,aut
7.0,2.9790688350331114,Fz,7104 aut,7104,aut
7.5,2.60034206115472,Fz,7104 aut,7104,aut
8.0,2.7696785661707803,Fz,7104 aut,7104,aut
8.5,2.872197170496006,Fz,7104 aut,7104,aut
9.0,2.8525176154492127,Fz,7104 aut,7104,aut
9.5,2.574587970195619,Fz,7104 aut,7104,aut
10.0,2.39489548995321,Fz,7104 aut,7104,aut
10.5,2.710011151371845,Fz,7104 aut,7104,aut
11.0,2.9025352291883544,Fz,7104 aut,7104,aut
11.5,2.587665688012534,Fz,7104 aut,7104,aut
12.0,1.9183834694199968,Fz,7104 aut,7104,aut
12.5,2.25219096957283,Fz,7104 aut,7104,aut
13.0,1.5307697568622607,Fz,7104 aut,7104,aut
13.5,1.597991635460278,Fz,7104 aut,7104,aut
14.0,1.55450859464412,Fz,7104 aut,7104,aut
14.5,1.3251224192824467,Fz,7104 aut,7104,aut
15.0,1.1349270972437537,Fz,7104 aut,7104,aut
15.5,1.3060225296964798,Fz,7104 aut,7104,aut
16.0,1.4791277374100993,Fz,7104 aut,7104,aut
16.5,1.5148502869193037,Fz,7104 aut,7104,aut
17.0,1.3042266083484595,Fz,7104 aut,7104,aut
17.5,1.1781357347995878,Fz,7104 aut,7104,aut
18.0,1.2974067563064018,Fz,7104 aut,7104,aut
18.5,1.8233348938269003,Fz,7104 aut,7104,aut
19.0,1.4783384872399175,Fz,7104 aut,7104,aut
19.5,1.1735886440996717,Fz,7104 aut,7104,aut
20.0,1.0911331482103992,Fz,7104 aut,7104,aut
20.5,1.1729857449864112,Fz,7104 aut,7104,aut
21.0,1.2381191534612586,Fz,7104 aut,7104,aut
21.5,1.297590954664179,Fz,7104 aut,7104,aut
22.0,1.3219988954391997,Fz,7104 aut,7104,aut
22.5,1.2135078800233998,Fz,7104 aut,7104,aut
23.0,1.1619185111232644,Fz,7104 aut,7104,aut
23.5,1.2635568224814857,Fz,7104 aut,7104,aut
24.0,1.242130949130321,Fz,7104 aut,7104,aut
24.5,1.2418233227199995,Fz,7104 aut,7104,aut
25.0,1.1372185524966494,Fz,7104 aut,7104,aut
25.5,1.1453878146553584,Fz,7104 aut,7104,aut
26.0,1.1766275446951016,Fz,7104 aut,7104,aut
26.5,1.1372157075242826,Fz,7104 aut,7104,aut
27.0,1.0326559256127916,Fz,7104 aut,7104,aut
27.5,1.0242340162682129,Fz,7104 aut,7104,aut
28.0,1.0323870192985543,Fz,7104 aut,7104,aut
28.5,1.0461825836576426,Fz,7104 aut,7104,aut
29.0,0.9138609162715033,Fz,7104 aut,7104,aut
29.5,0.8757866125596057,Fz,7104 aut,7104,aut
30.0,0.8644042061657162,Fz,7104 aut,7104,aut
30.5,0.9129951116098548,Fz,7104 aut,7104,aut
31.0,0.9569976654538959,Fz,7104 aut,7104,aut
31.5,0.9440350461365072,Fz,7104 aut,7104,aut
32.0,0.9009010084608959,Fz,7104 aut,7104,aut
32.5,0.8684617319567252,Fz,7104 aut,7104,aut
33.0,0.8481656776896916,Fz,7104 aut,7104,aut
33.5,0.8376218795264827,Fz,7104 aut,7104,aut
34.0,0.8999828515953626,Fz,7104 aut,7104,aut
34.5,0.8586338728619292,Fz,7104 aut,7104,aut
35.0,0.7606534022713568,Fz,7104 aut,7104,aut
35.5,0.7845708497173064,Fz,7104 aut,7104,aut
36.0,0.8321708006158172,Fz,7104 aut,7104,aut
36.5,0.8568799117906737,Fz,7104 aut,7104,aut
37.0,0.811816927167262,Fz,7104 aut,7104,aut
37.5,0.7216310693646543,Fz,7104 aut,7104,aut
38.0,0.8034322948051339,Fz,7104 aut,7104,aut
38.5,0.7643707730571054,Fz,7104 aut,7104,aut
39.0,0.7662434768239322,Fz,7104 aut,7104,aut
39.5,0.7286179959704833,Fz,7104 aut,7104,aut
40.0,0.6970417167336028,Fz,7104 aut,7104,aut
1.0,46.284502439082836,Pz,7104 aut,7104,aut
1.5,27.45558130241894,Pz,7104 aut,7104,aut
2.0,16.12369640473915,Pz,7104 aut,7104,aut
2.5,11.067095254594362,Pz,7104 aut,7104,aut
3.0,8.852872636439749,Pz,7104 aut,7104,aut
3.5,6.140446585763336,Pz,7104 aut,7104,aut
4.0,4.874952490292542,Pz,7104 aut,7104,aut
4.5,4.500536685521286,Pz,7104 aut,7104,aut
5.0,3.8972531007636144,Pz,7104 aut,7104,aut
5.5,3.001975279744229,Pz,7104 aut,7104,aut
6.0,2.6531902914961623,Pz,7104 aut,7104,aut
6.5,2.29827766218208,Pz,7104 aut,7104,aut
7.0,2.012466753711607,Pz,7104 aut,7104,aut
7.5,2.167453215271681,Pz,7104 aut,7104,aut
8.0,2.1782415861831046,Pz,7104 aut,7104,aut
8.5,1.9435196458817707,Pz,7104 aut,7104,aut
9.0,2.4159336143978374,Pz,7104 aut,7104,aut
9.5,3.087412054203925,Pz,7104 aut,7104,aut
10.0,4.062914368481222,Pz,7104 aut,7104,aut
10.5,4.651626989232076,Pz,7104 aut,7104,aut
11.0,3.6647957815272436,Pz,7104 aut,7104,aut
11.5,2.585220178753357,Pz,7104 aut,7104,aut
12.0,1.9564273452767895,Pz,7104 aut,7104,aut
12.5,2.127811762179022,Pz,7104 aut,7104,aut
13.0,1.8198395380992154,Pz,7104 aut,7104,aut
13.5,1.5223745207357926,Pz,7104 aut,7104,aut
14.0,1.3947857792760392,Pz,7104 aut,7104,aut
14.5,1.3056322622980305,Pz,7104 aut,7104,aut
15.0,1.2064520261384035,Pz,7104 aut,7104,aut
15.5,1.2768021570491994,Pz,7104 aut,7104,aut
16.0,1.240340341695162,Pz,7104 aut,7104,aut
16.5,1.1119290425470345,Pz,7104 aut,7104,aut
17.0,1.2147190506253298,Pz,7104 aut,7104,aut
17.5,1.2050457521121922,Pz,7104 aut,7104,aut
18.0,1.0740674521654479,Pz,7104 aut,7104,aut
18.5,1.3250511089972445,Pz,7104 aut,7104,aut
19.0,1.168586174660078,Pz,7104 aut,7104,aut
19.5,1.0096958857135596,Pz,7104 aut,7104,aut
20.0,0.9942941827714079,Pz,7104 aut,7104,aut
20.5,1.0827911922116,Pz,7104 aut,7104,aut
21.0,1.0380166652869471,Pz,7104 aut,7104,aut
21.5,1.0135030226254482,Pz,7104 aut,7104,aut
22.0,1.0319994717574854,Pz,7104 aut,7104,aut
22.5,0.8869557579957221,Pz,7104 aut,7104,aut
23.0,0.8103461618205278,Pz,7104 aut,7104,aut
23.5,0.8567633079543485,Pz,7104 aut,7104,aut
24.0,0.8348834548850217,Pz,7104 aut,7104,aut
24.5,0.89528291615784,Pz,7104 aut,7104,aut
25.0,0.7701094544973082,Pz,7104 aut,7104,aut
25.5,0.7554841129606507,Pz,7104 aut,7104,aut
26.0,0.785730556942468,Pz,7104 aut,7104,aut
26.5,0.7261695481966369,Pz,7104 aut,7104,aut
27.0,0.7200542594697064,Pz,7104 aut,7104,aut
27.5,0.6582945762136018,Pz,7104 aut,7104,aut
28.0,0.5912528054971147,Pz,7104 aut,7104,aut
28.5,0.5869509481011047,Pz,7104 aut,7104,aut
29.0,0.5771776511514487,Pz,7104 aut,7104,aut
29.5,0.574073059572784,Pz,7104 aut,7104,aut
30.0,0.5834606775616101,Pz,7104 aut,7104,aut
30.5,0.5336139366609911,Pz,7104 aut,7104,aut
31.0,0.5078768168210224,Pz,7104 aut,7104,aut
31.5,0.48995551207299626,Pz,7104 aut,7104,aut
32.0,0.4991040793517453,Pz,7104 aut,7104,aut
32.5,0.491042702564222,Pz,7104 aut,7104,aut
33.0,0.48651322559518195,Pz,7104 aut,7104,aut
33.5,0.49536475873670693,Pz,7104 aut,7104,aut
34.0,0.5198695533422945,Pz,7104 aut,7104,aut
34.5,0.47018529109436324,Pz,7104 aut,7104,aut
35.0,0.5058207396381929,Pz,7104 aut,7104,aut
35.5,0.4819186540630697,Pz,7104 aut,7104,aut
36.0,0.43629595415350575,Pz,7104 aut,7104,aut
36.5,0.45468700257737116,Pz,7104 aut,7104,aut
37.0,0.4596661281162024,Pz,7104 aut,7104,aut
37.5,0.49420578228499806,Pz,7104 aut,7104,aut
38.0,0.5230121780400331,Pz,7104 aut,7104,aut
38.5,0.469349270483569,Pz,7104 aut,7104,aut
39.0,0.42819610656571744,Pz,7104 aut,7104,aut
39.5,0.4088049719993931,Pz,7104 aut,7104,aut
40.0,0.4131110658255453,Pz,7104 aut,7104,aut
1.0,418.1911932919321,Fz,7105 amo,7105,amo
1.5,170.79725405272458,Fz,7105 amo,7105,amo
2.0,46.31951593833128,Fz,7105 amo,7105,amo
2.5,18.80337072219026,Fz,7105 amo,7105,amo
3.0,21.601553343825778,Fz,7105 amo,7105,amo
3.5,21.016388677054525,Fz,7105 amo,7105,amo
4.0,15.329058719823868,Fz,7105 amo,7105,amo
4.5,10.407329895752234,Fz,7105 amo,7105,amo
5.0,10.802244841640912,Fz,7105 amo,7105,amo
5.5,16.021185934493094,Fz,7105 amo,7105,amo
6.0,18.537743511634776,Fz,7105 amo,7105,amo
6.5,14.118145671992355,Fz,7105 amo,7105,amo
7.0,8.689699586963426,Fz,7105 amo,7105,amo
7.5,6.414528073626569,Fz,7105 amo,7105,amo
8.0,7.943977294458947,Fz,7105 amo,7105,amo
8.5,9.477146051564782,Fz,7105 amo,7105,amo
9.0,9.255247634177477,Fz,7105 amo,7105,amo
9.5,6.14472519220839,Fz,7105 amo,7105,amo
10.0,4.205184094832822,Fz,7105 amo,7105,amo
10.5,5.633529389575907,Fz,7105 amo,7105,amo
11.0,7.874065774832857,Fz,7105 amo,7105,amo
11.5,7.959500134670429,Fz,7105 amo,7105,amo
12.0,4.706421361564626,Fz,7105 amo,7105,amo
12.5,2.83161221545251,Fz,7105 amo,7105,amo
13.0,2.6726971287141525,Fz,7105 amo,7105,amo
13.5,3.4161885321870704,Fz,7105 amo,7105,amo
14.0,3.1104304101610043,Fz,7105 amo,7105,amo
14.5,1.8598191644841389,Fz,7105 amo,7105,amo
15.0,1.3178874607949547,Fz,7105 amo,7105,amo
15.5,1.874026874111055,Fz,7105 amo,7105,amo
16.0,2.8657399193582327,Fz,7105 amo,7105,amo
16.5,2.89680393241843,Fz,7105 amo,7105,amo
17.0,2.0857535565278007,Fz,7105 amo,7105,amo
17.5,1.1642129371612802,Fz,7105 amo,7105,amo
18.0,1.024959737671653,Fz,7105 amo,7105,amo
18.5,1.5080455299368893,Fz,7105 amo,7105,amo
19.0,1.5710410549234481,Fz,7105 amo,7105,amo
19.5,1.2179954534915662,Fz,7105 amo,7105,amo
20.0,0.8159175056110961,Fz,7105 amo,7105,amo
20.5,0.9962207896742743,Fz,7105 amo,7105,amo
21.0,1.339660450813394,Fz,7105 amo,7105,amo
21.5,1.3423315276052228,Fz,7105 amo,7105,amo
22.0,0.9742551791390615,Fz,7105 amo,7105,amo
22.5,0.6914090796732303,Fz,7105 amo,7105,amo
23.0,0.8560785689562915,Fz,7105 amo,7105,amo
23.5,1.2418919465569433,Fz,7105 amo,7105,amo
24.0,1.2876655046476333,Fz,7105 amo,7105,amo
24.5,0.9906581093633124,Fz,7105 amo,7105,amo
25.0,0.6863964613671607,Fz,7105 amo,7105,amo
25.5,0.6231243882905152,Fz,7105 amo,7105,amo
26.0,0.8132390157651558,Fz,7105 amo,7105,amo
26.5,0.8190703071886621,Fz,7105 amo,7105,amo
27.0,0.6017641945132262,Fz,7105 amo,7105,amo
27.5,0.49899450623851827,Fz,7105 amo,7105,amo
28.0,0.6462469865013007,Fz,7105 amo,7105,amo
28.5,0.866411866944359,Fz,7105 amo,7105,amo
29.0,0.8791846965233672,Fz,7105 amo,7105,amo
29.5,0.5812155630083713,Fz,7105 amo,7105,amo
30.0,0.3765640708144862,Fz,7105 amo,7105,amo
30.5,0.5337981792394553,Fz,7105 amo,7105,amo
31.0,0.8315426378905265,Fz,7105 amo,7105,amo
31.5,0.8647511373270085,Fz,7105 amo,7105,amo
32.0,0.6058701905223945,Fz,7105 amo,7105,amo
32.5,0.3420922871771813,Fz,7105 amo,7105,amo
33.0,0.35989086638289924,Fz,7105 amo,7105,amo
33.5,0.5359877759643429,Fz,7105 amo,7105,amo
34.0,0.5726599866511188,Fz,7105 amo,7105,amo
34.5,0.41991335248381534,Fz,7105 amo,7105,amo
35.0,0.29073841303295755,Fz,7105 amo,7105,amo
35.5,0.4263240902228537,Fz,7105 amo,7105,amo
36.0,0.6022637243285087,Fz,7105 amo,7105,amo
36.5,0.664157860550054,Fz,7105 amo,7105,amo
37.0,0.5008402102531458,Fz,7105 amo,7105,amo
37.5,0.2847333141548752,Fz,7105 amo,7105,amo
38.0,0.25797267542697455,Fz,7105 amo,7105,amo
38.5,0.387455715884753,Fz,7105 amo,7105,amo
39.0,0.47022797413495176,Fz,7105 amo,7105,amo
39.5,0.39112682512468894,Fz,7105 amo,7105,amo
40.0,0.2595595577366314,Fz,7105 amo,7105,amo
1.0,93.17181377333144,Pz,7105 amo,7105,amo
1.5,61.92750664762618,Pz,7105 amo,7105,amo
2.0,45.812953082109566,Pz,7105 amo,7105,amo
2.5,31.113782830010443,Pz,7105 amo,7105,amo
3.0,21.610559676306412,Pz,7105 amo,7105,amo
3.5,16.510224923560667,Pz,7105 amo,7105,amo
4.0,12.224568100595128,Pz,7105 amo,7105,amo
4.5,9.324679866256524,Pz,7105 amo,7105,amo
5.0,6.620148181960474,Pz,7105 amo,7105,amo
5.5,5.10964486831503,Pz,7105 amo,7105,amo
6.0,4.369952451826334,Pz,7105 amo,7105,amo
6.5,4.154943320329111,Pz,7105 amo,7105,amo
7.0,4.150480135038246,Pz,7105 amo,7105,amo
7.5,3.8251486616738606,Pz,7105 amo,7105,amo
8.0,3.3047417798054144,Pz,7105 amo,7105,amo
8.5,3.405608742965313,Pz,7105 amo,7105,amo
9.0,3.724155036501043,Pz,7105 amo,7105,amo
9.5,3.860702676997756,Pz,7105 amo,7105,amo
10.0,4.889628275438209,Pz,7105 amo,7105,amo
10.5,5.552910690360489,Pz,7105 amo,7105,amo
11.0,4.761141678573792,Pz,7105 amo,7105,amo
11.5,3.413433094298628,Pz,7105 amo,7105,amo
12.0,2.4903002486779697,Pz,7105 amo,7105,amo
12.5,2.1041240645029,Pz,7105 amo,7105,amo
13.0,1.780569644922535,Pz,7105 amo,7105,amo
13.5,1.5876295662550528,Pz,7105 amo,7105,amo
14.0,1.3371461269400648,Pz,7105 amo,7105,amo
14.5,1.0899032787451182,Pz,7105 amo,7105,amo
15.0,1.084605835040435,Pz,7105 amo,7105,amo
15.5,1.0406932357199463,Pz,7105 amo,7105,amo
16.0,0.9654949413236522,Pz,7105 amo,7105,amo
16.5,0.8401976536208698,Pz,7105 amo,7105,amo
17.0,0.8814055308083891,Pz,7105 amo,7105,amo
17.5,0.817646496917154,Pz,7105 amo,7105,amo
18.0,0.7929834324827405,Pz,7105 amo,7105,amo
18.5,0.8857488145786052,Pz,7105 amo,7105,amo
19.0,0.6827601109851059,Pz,7105 amo,7105,amo
19.5,0.6235694170421926,Pz,7105 amo,7105,amo
20.0,0.620425890853748,Pz,7105 amo,7105,amo
20.5,0.5997851408807463,Pz,7105 amo,7105,amo
21.0,0.5421559363069879,Pz,7105 amo,7105,amo
21.5,0.5270378528330558,Pz,7105 amo,7105,amo
22.0,0.5478567766188723,Pz,7105 amo,7105,amo
22.5,0.5352284955245041,Pz,7105 amo,7105,amo
23.0,0.5095824151360078,Pz,7105 amo,7105,amo
23.5,0.4865052767988787,Pz,7105 amo,7105,amo
24.0,0.4755695043568261,Pz,7105 amo,7105,amo
24.5,0.4801886493860249,Pz,7105 amo,7105,amo
25.0,0.41876527157211835,Pz,7105 amo,7105,amo
25.5,0.3902550608785432,Pz,7105 amo,7105,amo
26.0,0.3862651964426859,Pz,7105 amo,7105,amo
26.5,0.3914872815132471,Pz,7105 amo,7105,amo
27.0,0.3880078195884861,Pz,7105 amo,7105,amo
27.5,0.39524200091767464,Pz,7105 amo,7105,amo
28.0,0.3975444857646028,Pz,7105 amo,7105,amo
28.5,0.3634978334645672,Pz,7105 amo,7105,amo
29.0,0.34442947813653285,Pz,7105 amo,7105,amo
29.5,0.3278600462298494,Pz,7105 amo,7105,amo
30.0,0.3246611774664126,Pz,7105 amo,7105,amo
30.5,0.31308420262455844,Pz,7105 amo,7105,amo
31.0,0.31934488611928546,Pz,7105 amo,7105,amo
31.5,0.30529306716719257,Pz,7105 amo,7105,amo
32.0,0.3016143550392522,Pz,7105 amo,7105,amo
32.5,0.2884522547785863,Pz,7105 amo,7105,amo
33.0,0.29861139880685433,Pz,7105 amo,7105,amo
33.5,0.26494496760561137,Pz,7105 amo,7105,amo
34.0,0.2608867132902513,Pz,7105 amo,7105,amo
34.5,0.2646872379003837,Pz,7105 amo,7105,amo
35.0,0.28074315093509894,Pz,7105 amo,7105,amo
35.5,0.29409591967832954,Pz,7105 amo,7105,amo
36.0,0.2734031826506252,Pz,7105 amo,7105,amo
36.5,0.2655561284661741,Pz,7105 amo,7105,amo
37.0,0.2421060184731945,Pz,7105 amo,7105,amo
37.5,0.25504276765837586,Pz,7105 amo,7105,amo
38.0,0.30075954393136917,Pz,7105 amo,7105,amo
38.5,0.24230413099672743,Pz,7105 amo,7105,amo
39.0,0.21281708391717197,Pz,7105 amo,7105,amo
39.5,0.22862122429509518,Pz,7105 amo,7105,amo
40.0,0.22892203916245993,Pz,7105 amo,7105,amo
1.0,303.4779202091205,Fz,7105 aut,7105,aut
1.5,144.54928916708272,Fz,7105 aut,7105,aut
2.0,49.042669622504945,Fz,7105 aut,7105,aut
2.5,22.402460346144007,Fz,7105 aut,7105,aut
3.0,22.30786237528647,Fz,7105 aut,7105,aut
3.5,21.29506655689415,Fz,7105 aut,7105,aut
4.0,12.57544191790095,Fz,7105 aut,7105,aut
4.5,7.504188705691818,Fz,7105 aut,7105,aut
5.0,9.930289364304732,Fz,7105 aut,7105,aut
5.5,15.945873812802267,Fz,7105 aut,7105,aut
6.0,19.003073192479466,Fz,7105 aut,7105,aut
6.5,15.195309723586712,Fz,7105 aut,7105,aut
7.0,9.576220929795847,Fz,7105 aut,7105,aut
7.5,6.943736820339575,Fz,7105 aut,7105,aut
8.0,8.212843229869014,Fz,7105 aut,7105,aut
8.5,9.015646563600985,Fz,7105 aut,7105,aut
9.0,7.763323093152665,Fz,7105 aut,7105,aut
9.5,4.962162301493875,Fz,7105 aut,7105,aut
10.0,3.5428306437136485,Fz,7105 aut,7105,aut
10.5,5.167472455138952,Fz,7105 aut,7105,aut
11.0,6.676794501818294,Fz,7105 aut,7105,aut
11.5,6.757525425058565,Fz,7105 aut,7105,aut
12.0,4.983279589926292,Fz,7105 aut,7105,aut
12.5,3.1887915786145076,Fz,7105 aut,7105,aut
13.0,2.1481443959216495,Fz,7105 aut,7105,aut
13.5,2.5845735222221764,Fz,7105 aut,7105,aut
14.0,2.720433829070607,Fz,7105 aut,7105,aut
14.5,1.9641863289182324,Fz,7105 aut,7105,aut
15.0,1.4508162681907097,Fz,7105 aut,7105,aut
15.5,1.663504373721988,Fz,7105 aut,7105,aut
16.0,2.382507200009167,Fz,7105 aut,7105,aut
16.5,2.3719982066185943,Fz,7105 aut,7105,aut
17.0,1.7285957386947002,Fz,7105 aut,7105,aut
17.5,1.0502956861283248,Fz,7105 aut,7105,aut
18.0,0.9322407690384992,Fz,7105 aut,7105,aut
18.5,1.3759767408740229,Fz,7105 aut,7105,aut
19.0,1.2499766875154437,Fz,7105 aut,7105,aut
19.5,0.9949914271138631,Fz,7105 aut,7105,aut
20.0,0.723176449979016,Fz,7105 aut,7105,aut
20.5,0.70777590275992,Fz,7105 aut,7105,aut
21.0,0.8317404300086919,Fz,7105 aut,7105,aut
21.5,0.8403584442993673,Fz,7105 aut,7105,aut
22.0,0.7512208392562582,Fz,7105 aut,7105,aut
22.5,0.7120230331596441,Fz,7105 aut,7105,aut
23.0,0.8997481140247148,Fz,7105 aut,7105,aut
23.5,1.0944093113606612,Fz,7105 aut,7105,aut
24.0,1.0488004605419314,Fz,7105 aut,7105,aut
24.5,0.8560324430359146,Fz,7105 aut,7105,aut
25.0,0.5783178980920554,Fz,7105 aut,7105,aut
25.5,0.6483001124341111,Fz,7105 aut,7105,aut
26.0,0.8632558200500767,Fz,7105 aut,7105,aut
26.5,0.8289494813916474,Fz,7105 aut,7105,aut
27.0,0.6573057032819569,Fz,7105 aut,7105,aut
27.5,0.5643399905850173,Fz,7105 aut,7105,aut
28.0,0.6454681960294331,Fz,7105 aut,7105,aut
28.5,0.7539466843847723,Fz,7105 aut,7105,aut
29.0,0.6835463732404526,Fz,7105 aut,7105,aut
29.5,0.4591230449076288,Fz,7105 aut,7105,aut
30.0,0.3520161161137373,Fz,7105 aut,7105,aut
30.5,0.5429518591404302,Fz,7105 aut,7105,aut
31.0,0.8715699085997066,Fz,7105 aut,7105,aut
31.5,0.9073943449761722,Fz,7105 aut,7105,aut
32.0,0.6883498497239857,Fz,7105 aut,7105,aut
32.5,0.3588702434976589,Fz,7105 aut,7105,aut
33.0,0.33022446226431484,Fz,7105 aut,7105,aut
33.5,0.4453753459436616,Fz,7105 aut,7105,aut
34.0,0.5049458126722779,Fz,7105 aut,7105,aut
34.5,0.4081951381095677,Fz,7105 aut,7105,aut
35.0,0.2938119802467603,Fz,7105 aut,7105,aut
35.5,0.3312344074772017,Fz,7105 aut,7105,aut
36.0,0.43823579910965915,Fz,7105 aut,7105,aut
36.5,0.5080965651141504,Fz,7105 aut,7105,aut
37.0,0.4147456161293589,Fz,7105 aut,7105,aut
37.5,0.24868211219518982,Fz,7105 aut,7105,aut
38.0,0.23491193501951205,Fz,7105 aut,7105,aut
38.5,0.33325294525926097,Fz,7105 aut,7105,aut
39.0,0.4069949722891365,Fz,7105 aut,7105,aut
39.5,0.35187698127796113,Fz,7105 aut,7105,aut
40.0,0.24866149501178914,Fz,7105 aut,7105,aut
1.0,82.65186066703986,Pz,7105 aut,7105,aut
1.5,53.43829614348181,Pz,7105 aut,7105,aut
2.0,31.97070441298551,Pz,7105 aut,7105,aut
2.5,23.978937993479033,Pz,7105 aut,7105,aut
3.0,18.841028633145275,Pz,7105 aut,7105,aut
3.5,12.557815198411912,Pz,7105 aut,7105,aut
4.0,9.239357657741174,Pz,7105 aut,7105,aut
4.5,8.031713212886523,Pz,7105 aut,7105,aut
5.0,5.977296060356238,Pz,7105 aut,7105,aut
5.5,5.078133698492412,Pz,7105 aut,7105,aut
6.0,4.414157391862973,Pz,7105 aut,7105,aut
6.5,4.0581180505652945,Pz,7105 aut,7105,aut
7.0,4.009265767433193,Pz,7105 aut,7105,aut
7.5,3.9202992136387915,Pz,7105 aut,7105,aut
8.0,3.9299114707674367,Pz,7105 aut,7105,aut
8.5,4.6941857512190746,Pz,7105 aut,7105,aut
9.0,5.560406735331135,Pz,7105 aut,7105,aut
9.5,5.931673412455172,Pz,7105 aut,7105,aut
10.0,5.717019526047978,Pz,7105 aut,7105,aut
10.5,5.2186101214529375,Pz,7105 aut,7105,aut
11.0,4.275689936510399,Pz,7105 aut,7105,aut
11.5,2.957234234540649,Pz,7105 aut,7105,aut
12.0,2.2152474158011075,Pz,7105 aut,7105,aut
12.5,1.997155550965439,Pz,7105 aut,7105,aut
13.0,1.6900723583998485,Pz,7105 aut,7105,aut
13.5,1.4401980016102276,Pz,7105 aut,7105,aut
14.0,1.267800782678911,Pz,7105 aut,7105,aut
14.5,1.1489350895193835,Pz,7105 aut,7105,aut
15.0,1.0642180165464055,Pz,7105 aut,7105,aut
15.5,0.99226552547969,Pz,7105 aut,7105,aut
16.0,0.9053080024167114,Pz,7105 aut,7105,aut
16.5,0.8455144994192691,Pz,7105 aut,7105,aut
17.0,0.8252566068439122,Pz,7105 aut,7105,aut
17.5,0.8382812772434568,Pz,7105 aut,7105,aut
18.0,0.8084322564854886,Pz,7105 aut,7105,aut
18.5,0.8065797285048395,Pz,7105 aut,7105,aut
19.0,0.6774012926177759,Pz,7105 aut,7105,aut
19.5,0.6345409400858892,Pz,7105 aut,7105,aut
20.0,0.5760375124019078,Pz,7105 aut,7105,aut
20.5,0.5196298993261994,Pz,7105 aut,7105,aut
21.0,0.5341872622209698,Pz,7105 aut,7105,aut
21.5,0.4895172713319956,Pz,7105 aut,7105,aut
22.0,0.47708077711659735,Pz,7105 aut,7105,aut
22.5,0.4809656303425872,Pz,7105 aut,7105,aut
23.0,0.47822083987330594,Pz,7105 aut,7105,aut
23.5,0.46552657107926193,Pz,7105 aut,7105,aut
24.0,0.43943388394460603,Pz,7105 aut,7105,aut
24.5,0.44307757854489094,Pz,7105 aut,7105,aut
25.0,0.3690241620150682,Pz,7105 aut,7105,aut
25.5,0.3794158426146576,Pz,7105 aut,7105,aut
26.0,0.37652755795429127,Pz,7105 aut,7105,aut
26.5,0.38166753730929903,Pz,7105 aut,7105,aut
27.0,0.31915763465652913,Pz,7105 aut,7105,aut
27.5,0.34613747446562493,Pz,7105 aut,7105,aut
28.0,0.33483674879865305,Pz,7105 aut,7105,aut
28.5,0.3294492902150323,Pz,7105 aut,7105,aut
29.0,0.3276852410285826,Pz,7105 aut,7105,aut
29.5,0.3429767049214401,Pz,7105 aut,7105,aut
30.0,0.3096492061270332,Pz,7105 aut,7105,aut
30.5,0.266677596438498,Pz,7105 aut,7105,aut
31.0,0.26030696802274134,Pz,7105 aut,7105,aut
31.5,0.25057080436321394,Pz,7105 aut,7105,aut
32.0,0.25999643183863386,Pz,7105 aut,7105,aut
32.5,0.25857126272179126,Pz,7105 aut,7105,aut
33.0,0.24351832823966757,Pz,7105 aut,7105,aut
33.5,0.2341258494353536,Pz,7105 aut,7105,aut
34.0,0.22218231341571676,Pz,7105 aut,7105,aut
34.5,0.2104354955491794,Pz,7105 aut,7105,aut
35.0,0.2085937642953354,Pz,7105 aut,7105,aut
35.5,0.21162093942913873,Pz,7105 aut,7105,aut
36.0,0.2023303891099983,Pz,7105 aut,7105,aut
36.5,0.21821117547312732,Pz,7105 aut,7105,aut
37.0,0.20757069629681732,Pz,7105 aut,7105,aut
37.5,0.2182935852267914,Pz,7105 aut,7105,aut
38.0,0.21827065397543732,Pz,7105 aut,7105,aut
38.5,0.18937860197739143,Pz,7105 aut,7105,aut
39.0,0.19545639991544714,Pz,7105 aut,7105,aut
39.5,0.19576777263290515,Pz,7105 aut,7105,aut
40.0,0.18474399623835216,Pz,7105 aut,7105,aut
1.0,61.80108673321664,Fz,7106 amo,7106,amo
1.5,35.35578614675208,Fz,7106 amo,7106,amo
2.0,15.520577314453824,Fz,7106 amo,7106,amo
2.5,11.884585846945383,Fz,7106 amo,7106,amo
3.0,8.454237030409141,Fz,7106 amo,7106,amo
3.5,6.9546722798952585,Fz,7106 amo,7106,amo
4.0,6.6314249627698905,Fz,7106 amo,7106,amo
4.5,5.559708709344417,Fz,7106 amo,7106,amo
5.0,4.401593901938886,Fz,7106 amo,7106,amo
5.5,4.084614356684055,Fz,7106 amo,7106,amo
6.0,4.212824021413888,Fz,7106 amo,7106,amo
6.5,4.3903471621155745,Fz,7106 amo,7106,amo
7.0,3.258565706197496,Fz,7106 amo,7106,amo
7.5,2.7710392162703874,Fz,7106 amo,7106,amo
8.0,2.6783143345429745,Fz,7106 amo,7106,amo
8.5,2.4504029671405343,Fz,7106 amo,7106,amo
9.0,1.8758541782005855,Fz,7106 amo,7106,amo
9.5,1.7407286273241414,Fz,7106 amo,7106,amo
10.0,1.6633937720555332,Fz,7106 amo,7106,amo
10.5,1.449828970775385,Fz,7106 amo,7106,amo
11.0,1.3210781633112942,Fz,7106 amo,7106,amo
11.5,1.2303774256447875,Fz,7106 amo,7106,amo
12.0,1.22261294515078,Fz,7106 amo,7106,amo
12.5,2.2802814177930326,Fz,7106 amo,7106,amo
13.0,1.340326584652826,Fz,7106 amo,7106,amo
13.5,0.9426157771893979,Fz,7106 amo,7106,amo
14.0,0.9440021989923436,Fz,7106 amo,7106,amo
14.5,0.8595326924177902,Fz,7106 amo,7106,amo
15.0,0.7940126922488007,Fz,7106 amo,7106,amo
15.5,0.8435416931393948,Fz,7106 amo,7106,amo
16.0,0.8887164388292187,Fz,7106 amo,7106,amo
16.5,0.8550398736783579,Fz,7106 amo,7106,amo
17.0,0.814034930481565,Fz,7106 amo,7106,amo
17.5,0.7264536036992776,Fz,7106 amo,7106,amo
18.0,0.8753576797339765,Fz,7106 amo,7106,amo
18.5,1.7363000714205472,Fz,7106 amo,7106,amo
19.0,0.9641657401358036,Fz,7106 amo,7106,amo
19.5,0.6535027829838596,Fz,7106 amo,7106,amo
20.0,0.5712987824161188,Fz,7106 amo,7106,amo
20.5,0.5419452300342991,Fz,7106 amo,7106,amo
21.0,0.5110352022834542,Fz,7106 amo,7106,amo
21.5,0.4910426875261672,Fz,7106 amo,7106,amo
22.0,0.45118362648704213,Fz,7106 amo,7106,amo
22.5,0.39876918243877557,Fz,7106 amo,7106,amo
23.0,0.412399842638566,Fz,7106 amo,7106,amo
23.5,0.4671177980250067,Fz,7106 amo,7106,amo
24.0,0.4325745730887187,Fz,7106 amo,7106,amo
24.5,0.5784758470887122,Fz,7106 amo,7106,amo
25.0,0.46523259113782856,Fz,7106 amo,7106,amo
25.5,0.4220985459669914,Fz,7106 amo,7106,amo
26.0,0.4053457752373878,Fz,7106 amo,7106,amo
26.5,0.3681349053146874,Fz,7106 amo,7106,amo
27.0,0.3352773017206793,Fz,7106 amo,7106,amo
27.5,0.3239338737984257,Fz,7106 amo,7106,amo
28.0,0.3207140256896235,Fz,7106 amo,7106,amo
28.5,0.3256715043247912,Fz,7106 amo,7106,amo
29.0,0.3430452425677165,Fz,7106 amo,7106,amo
29.5,0.32568364781077114,Fz,7106 amo,7106,amo
30.0,0.3041352056130737,Fz,7106 amo,7106,amo
30.5,0.30290732548496097,Fz,7106 amo,7106,amo
31.0,0.2929474474588667,Fz,7106 amo,7106,amo
31.5,0.29139266801329755,Fz,7106 amo,7106,amo
32.0,0.3156071487640924,Fz,7106 amo,7106,amo
32.5,0.27154894088457193,Fz,7106 amo,7106,amo
33.0,0.25136126665869496,Fz,7106 amo,7106,amo
33.5,0.27101820879967575,Fz,7106 amo,7106,amo
34.0,0.26888657232031277,Fz,7106 amo,7106,amo
34.5,0.26674946970282365,Fz,7106 amo,7106,amo
35.0,0.25419927949263077,Fz,7106 amo,7106,amo
35.5,0.2672709932183419,Fz,7106 amo,7106,amo
36.0,0.25705501562203803,Fz,7106 amo,7106,amo
36.5,0.3221537064201549,Fz,7106 amo,7106,amo
37.0,0.2751804530934686,Fz,7106 amo,7106,amo
37.5,0.2841183991116425,Fz,7106 amo,7106,amo
38.0,0.35141719404163274,Fz,7106 amo,7106,amo
38.5,0.26091821168346613,Fz,7106 amo,7106,amo
39.0,0.2514030592652413,Fz,7106 amo,7106,amo
39.5,0.22770073994024126,Fz,7106 amo,7106,amo
40.0,0.21396395549045583,Fz,7106 amo,7106,amo
1.0,53.92488356816529,Pz,7106 amo,7106,amo
1.5,28.90105379957762,Pz,7106 amo,7106,amo
2.0,15.533857305186975,Pz,7106 amo,7106,amo
2.5,13.536186017516542,Pz,7106 amo,7106,amo
3.0,9.750903941340006,Pz,7106 amo,7106,amo
3.5,9.615424091384712,Pz,7106 amo,7106,amo
4.0,7.201514544432156,Pz,7106 amo,7106,amo
4.5,5.971351298507182,Pz,7106 amo,7106,amo
5.0,5.116138107994527,Pz,7106 amo,7106,amo
5.5,4.100281353299647,Pz,7106 amo,7106,amo
6.0,3.573755155030736,Pz,7106 amo,7106,amo
6.5,6.055469814025296,Pz,7106 amo,7106,amo
7.0,4.748633875924069,Pz,7106 amo,7106,amo
7.5,5.146129540331016,Pz,7106 amo,7106,amo
8.0,8.16439298837845,Pz,7106 amo,7106,amo
8.5,8.341641295944608,Pz,7106 amo,7106,amo
9.0,4.960340079108815,Pz,7106 amo,7106,amo
9.5,3.1046839204429735,Pz,7106 amo,7106,amo
10.0,2.376990500492273,Pz,7106 amo,7106,amo
10.5,2.089432645038738,Pz,7106 amo,7106,amo
11.0,2.153754828482487,Pz,7106 amo,7106,amo
11.5,2.0368057698447055,Pz,7106 amo,7106,amo
12.0,2.826863059410369,Pz,7106 amo,7106,amo
12.5,6.987521668496085,Pz,7106 amo,7106,amo
13.0,3.0625327257196906,Pz,7106 amo,7106,amo
13.5,1.468140067255602,Pz,7106 amo,7106,amo
14.0,1.5115545959926708,Pz,7106 amo,7106,amo
14.5,1.4126332346586752,Pz,7106 amo,7106,amo
15.0,1.3446059837576185,Pz,7106 amo,7106,amo
15.5,1.459230722261129,Pz,7106 amo,7106,amo
16.0,1.4540098181240488,Pz,7106 amo,7106,amo
16.5,1.4269353362771218,Pz,7106 amo,7106,amo
17.0,1.307213073421153,Pz,7106 amo,7106,amo
17.5,1.3088313236975913,Pz,7106 amo,7106,amo
18.0,1.936311910328177,Pz,7106 amo,7106,amo
18.5,5.4074930599333735,Pz,7106 amo,7106,amo
19.0,2.481982370760908,Pz,7106 amo,7106,amo
19.5,1.0481555219781025,Pz,7106 amo,7106,amo
20.0,0.8789407429348212,Pz,7106 amo,7106,amo
20.5,0.8563474284165316,Pz,7106 amo,7106,amo
21.0,0.8422543798203117,Pz,7106 amo,7106,amo
21.5,0.7094570605036897,Pz,7106 amo,7106,amo
22.0,0.7339127801648136,Pz,7106 amo,7106,amo
22.5,0.7363220122873044,Pz,7106 amo,7106,amo
23.0,0.7437067314188059,Pz,7106 amo,7106,amo
23.5,0.7861007581481366,Pz,7106 amo,7106,amo
24.0,0.7669374356382516,Pz,7106 amo,7106,amo
24.5,1.5213953744436166,Pz,7106 amo,7106,amo
25.0,0.9702142227266055,Pz,7106 amo,7106,amo
25.5,0.7417322394661059,Pz,7106 amo,7106,amo
26.0,0.8535631849446947,Pz,7106 amo,7106,amo
26.5,0.5957200194125416,Pz,7106 amo,7106,amo
27.0,0.5564388429236657,Pz,7106 amo,7106,amo
27.5,0.5563362804207521,Pz,7106 amo,7106,amo
28.0,0.528539540623741,Pz,7106 amo,7106,amo
28.5,0.4841466266505213,Pz,7106 amo,7106,amo
29.0,0.472021582665143,Pz,7106 amo,7106,amo
29.5,0.4991802454948314,Pz,7106 amo,7106,amo
30.0,0.506976110646531,Pz,7106 amo,7106,amo
30.5,0.5392399479956591,Pz,7106 amo,7106,amo
31.0,0.527897851316022,Pz,7106 amo,7106,amo
31.5,0.6046685368147844,Pz,7106 amo,7106,amo
32.0,0.6280846441065752,Pz,7106 amo,7106,amo
32.5,0.46140974670214346,Pz,7106 amo,7106,amo
33.0,0.45070216905140326,Pz,7106 amo,7106,amo
33.5,0.4340281815808406,Pz,7106 amo,7106,amo
34.0,0.4729572982800471,Pz,7106 amo,7106,amo
34.5,0.4428085182039732,Pz,7106 amo,7106,amo
35.0,0.42848432531847336,Pz,7106 amo,7106,amo
35.5,0.4572493850966419,Pz,7106 amo,7106,amo
36.0,0.45349262438448007,Pz,7106 amo,7106,amo
36.5,0.6954317588593136,Pz,7106 amo,7106,amo
37.0,0.5666359471649716,Pz,7106 amo,7106,amo
37.5,0.6826336729284025,Pz,7106 amo,7106,amo
38.0,0.9309429016741402,Pz,7106 amo,7106,amo
38.5,0.49171470426726543,Pz,7106 amo,7106,amo
39.0,0.48875043721751377,Pz,7106 amo,7106,amo
39.5,0.4167482840404004,Pz,7106 amo,7106,amo
40.0,0.36688453192026094,Pz,7106 amo,7106,amo
1.0,62.156959982516064,Fz,7106 aut,7106,aut
1.5,35.29387367594755,Fz,7106 aut,7106,aut
2.0,17.28622284948605,Fz,7106 aut,7106,aut
2.5,13.079140358648653,Fz,7106 aut,7106,aut
3.0,9.289556304737193,Fz,7106 aut,7106,aut
3.5,7.5588581285859835,Fz,7106 aut,7106,aut
4.0,6.850614334716215,Fz,7106 aut,7106,aut
4.5,5.588654824442329,Fz,7106 aut,7106,aut
5.0,4.802628161677806,Fz,7106 aut,7106,aut
5.5,4.567211784235894,Fz,7106 aut,7106,aut
6.0,4.448618413925212,Fz,7106 aut,7106,aut
6.5,4.1738375738522935,Fz,7106 aut,7106,aut
7.0,3.582433653359018,Fz,7106 aut,7106,aut
7.5,3.784398746093061,Fz,7106 aut,7106,aut
8.0,4.240744691195362,Fz,7106 aut,7106,aut
8.5,3.4810649025672533,Fz,7106 aut,7106,aut
9.0,2.4824809438424618,Fz,7106 aut,7106,aut
9.5,1.991809072235909,Fz,7106 aut,7106,aut
10.0,1.7389806290243495,Fz,7106 aut,7106,aut
10.5,1.4544395732953201,Fz,7106 aut,7106,aut
11.0,1.2628266504920047,Fz,7106 aut,7106,aut
11.5,1.1205204795512647,Fz,7106 aut,7106,aut
12.0,1.1391380431249052,Fz,7106 aut,7106,aut
12.5,2.183222955748102,Fz,7106 aut,7106,aut
13.0,1.3346930622855293,Fz,7106 aut,7106,aut
13.5,0.9236450440110566,Fz,7106 aut,7106,aut
14.0,0.9033904236295605,Fz,7106 aut,7106,aut
14.5,0.8949832578466781,Fz,7106 aut,7106,aut
15.0,0.962447777793647,Fz,7106 aut,7106,aut
15.5,0.9740445107825306,Fz,7106 aut,7106,aut
16.0,0.968558965595197,Fz,7106 aut,7106,aut
16.5,0.9488776472196957,Fz,7106 aut,7106,aut
17.0,0.862004997694631,Fz,7106 aut,7106,aut
17.5,0.869158485607661,Fz,7106 aut,7106,aut
18.0,0.937128996979121,Fz,7106 aut,7106,aut
18.5,1.7164859979736686,Fz,7106 aut,7106,aut
19.0,0.9572179161091046,Fz,7106 aut,7106,aut
19.5,0.617094409126143,Fz,7106 aut,7106,aut
20.0,0.6167742225911724,Fz,7106 aut,7106,aut
20.5,0.6005534284871746,Fz,7106 aut,7106,aut
21.0,0.5897114822429149,Fz,7106 aut,7106,aut
21.5,0.5506236420520182,Fz,7106 aut,7106,aut
22.0,0.5094969382861176,Fz,7106 aut,7106,aut
22.5,0.44209982596025266,Fz,7106 aut,7106,aut
23.0,0.5048463162566044,Fz,7106 aut,7106,aut
23.5,0.5575688536225657,Fz,7106 aut,7106,aut
24.0,0.5027125632004789,Fz,7106 aut,7106,aut
24.5,0.683233307057303,Fz,7106 aut,7106,aut
25.0,0.5296982862896918,Fz,7106 aut,7106,aut
25.5,0.4776378655474023,Fz,7106 aut,7106,aut
26.0,0.4976387949441701,Fz,7106 aut,7106,aut
26.5,0.44639307539775247,Fz,7106 aut,7106,aut
27.0,0.42840193927617226,Fz,7106 aut,7106,aut
27.5,0.41710936602794224,Fz,7106 aut,7106,aut
28.0,0.41239375553397045,Fz,7106 aut,7106,aut
28.5,0.41048257217128165,Fz,7106 aut,7106,aut
29.0,0.41268080563186627,Fz,7106 aut,7106,aut
29.5,0.4038632569885979,Fz,7106 aut,7106,aut
30.0,0.38480428887298723,Fz,7106 aut,7106,aut
30.5,0.3731675911500585,Fz,7106 aut,7106,aut
31.0,0.3683751468516322,Fz,7106 aut,7106,aut
31.5,0.37444025734936115,Fz,7106 aut,7106,aut
32.0,0.4134546598456242,Fz,7106 aut,7106,aut
32.5,0.374412193924949,Fz,7106 aut,7106,aut
33.0,0.3357776394290595,Fz,7106 aut,7106,aut
33.5,0.34898576492906525,Fz,7106 aut,7106,aut
34.0,0.3552027498922969,Fz,7106 aut,7106,aut
34.5,0.3423371813365922,Fz,7106 aut,7106,aut
35.0,0.35057964404429787,Fz,7106 aut,7106,aut
35.5,0.3655470944850273,Fz,7106 aut,7106,aut
36.0,0.3495004880144645,Fz,7106 aut,7106,aut
36.5,0.40750861510556924,Fz,7106 aut,7106,aut
37.0,0.37833233635151603,Fz,7106 aut,7106,aut
37.5,0.3970745330794332,Fz,7106 aut,7106,aut
38.0,0.4790753369478911,Fz,7106 aut,7106,aut
38.5,0.3650901329332077,Fz,7106 aut,7106,aut
39.0,0.3532275742859394,Fz,7106 aut,7106,aut
39.5,0.3394748634666725,Fz,7106 aut,7106,aut
40.0,0.3180227374761064,Fz,7106 aut,7106,aut
1.0,37.55368614948041,Pz,7106 aut,7106,aut
1.5,22.288435623561217,Pz,7106 aut,7106,aut
2.0,13.401944968639913,Pz,7106 aut,7106,aut
2.5,10.665352499336135,Pz,7106 aut,7106,aut
3.0,8.721240915520909,Pz,7106 aut,7106,aut
3.5,6.9400867759334,Pz,7106 aut,7106,aut
4.0,6.353285234869857,Pz,7106 aut,7106,aut
4.5,5.5570581043000224,Pz,7106 aut,7106,aut
5.0,4.518367700009319,Pz,7106 aut,7106,aut
5.5,3.7047729820026785,Pz,7106 aut,7106,aut
6.0,3.7790336430993796,Pz,7106 aut,7106,aut
6.5,5.543703773824277,Pz,7106 aut,7106,aut
7.0,6.114682919903886,Pz,7106 aut,7106,aut
7.5,11.916387439092913,Pz,7106 aut,7106,aut
8.0,25.094607819345615,Pz,7106 aut,7106,aut
8.5,19.054044541725503,Pz,7106 aut,7106,aut
9.0,7.545714423112406,Pz,7106 aut,7106,aut
9.5,3.628852877251295,Pz,7106 aut,7106,aut
10.0,2.744075110544236,Pz,7106 aut,7106,aut
10.5,2.33515047249298,Pz,7106 aut,7106,aut
11.0,2.218015960043072,Pz,7106 aut,7106,aut
11.5,1.9585715319280559,Pz,7106 aut,7106,aut
12.0,2.0358966387697413,Pz,7106 aut,7106,aut
12.5,4.808284110444566,Pz,7106 aut,7106,aut
13.0,2.5103081872731394,Pz,7106 aut,7106,aut
13.5,1.434406597421872,Pz,7106 aut,7106,aut
14.0,1.3996863537905284,Pz,7106 aut,7106,aut
14.5,1.5189820228123154,Pz,7106 aut,7106,aut
15.0,1.4914797837913993,Pz,7106 aut,7106,aut
15.5,1.6737695574991795,Pz,7106 aut,7106,aut
16.0,2.0014314475623003,Pz,7106 aut,7106,aut
16.5,1.8888391112795166,Pz,7106 aut,7106,aut
17.0,1.695632230958089,Pz,7106 aut,7106,aut
17.5,1.5190587131728106,Pz,7106 aut,7106,aut
18.0,1.703983471373781,Pz,7106 aut,7106,aut
18.5,3.820476186921652,Pz,7106 aut,7106,aut
19.0,1.9732957348272915,Pz,7106 aut,7106,aut
19.5,1.1544835551578478,Pz,7106 aut,7106,aut
20.0,1.0238764830725609,Pz,7106 aut,7106,aut
20.5,0.8670857894721271,Pz,7106 aut,7106,aut
21.0,0.8212178120458352,Pz,7106 aut,7106,aut
21.5,0.8084708406272344,Pz,7106 aut,7106,aut
22.0,0.8085347477543177,Pz,7106 aut,7106,aut
22.5,0.7292399397377309,Pz,7106 aut,7106,aut
23.0,0.7571591330982124,Pz,7106 aut,7106,aut
23.5,0.76624663085265,Pz,7106 aut,7106,aut
24.0,0.8037687347012314,Pz,7106 aut,7106,aut
24.5,1.2325192480641516,Pz,7106 aut,7106,aut
25.0,0.8429960719239743,Pz,7106 aut,7106,aut
25.5,0.6324360295144125,Pz,7106 aut,7106,aut
26.0,0.7317418822856527,Pz,7106 aut,7106,aut
26.5,0.6252601675848876,Pz,7106 aut,7106,aut
27.0,0.59641512256379,Pz,7106 aut,7106,aut
27.5,0.5233475743946692,Pz,7106 aut,7106,aut
28.0,0.5266257019037923,Pz,7106 aut,7106,aut
28.5,0.5489742063066491,Pz,7106 aut,7106,aut
29.0,0.49353211701988814,Pz,7106 aut,7106,aut
29.5,0.5210414564389129,Pz,7106 aut,7106,aut
30.0,0.5024664949483365,Pz,7106 aut,7106,aut
30.5,0.5228756722983355,Pz,7106 aut,7106,aut
31.0,0.5195398734457806,Pz,7106 aut,7106,aut
31.5,0.5345646078136929,Pz,7106 aut,7106,aut
32.0,0.5504267278620275,Pz,7106 aut,7106,aut
32.5,0.5025926990525802,Pz,7106 aut,7106,aut
33.0,0.4727599872982789,Pz,7106 aut,7106,aut
33.5,0.4486261868993466,Pz,7106 aut,7106,aut
34.0,0.4262203741776688,Pz,7106 aut,7106,aut
34.5,0.41030130601058834,Pz,7106 aut,7106,aut
35.0,0.40602346558962543,Pz,7106 aut,7106,aut
35.5,0.47830659562010286,Pz,7106 aut,7106,aut
36.0,0.5098332915286488,Pz,7106 aut,7106,aut
36.5,0.5788519749453264,Pz,7106 aut,7106,aut
37.0,0.5213175244410392,Pz,7106 aut,7106,aut
37.5,0.5556876998517395,Pz,7106 aut,7106,aut
38.0,0.6966942842161736,Pz,7106 aut,7106,aut
38.5,0.4809593780794308,Pz,7106 aut,7106,aut
39.0,0.5069863145732525,Pz,7106 aut,7106,aut
39.5,0.46245609532262627,Pz,7106 aut,7106,aut
40.0,0.42382728306738565,Pz,7106 aut,7106,aut
1.0,65.36833573409804,Fz+Pz,7102 amo,7102,amo
1.5,45.006492110689926,Fz+Pz,7102 amo,7102,amo
2.0,31.8042291610891,Fz+Pz,7102 amo,7102,amo
2.5,25.45307142118301,Fz+Pz,7102 amo,7102,amo
3.0,17.600747827757615,Fz+Pz,7102 amo,7102,amo
3.5,12.276654345033023,Fz+Pz,7102 amo,7102,amo
4.0,8.997115580466824,Fz+Pz,7102 amo,7102,amo
4.5,6.992136864275597,Fz+Pz,7102 amo,7102,amo
5.0,5.707846133291489,Fz+Pz,7102 amo,7102,amo
5.5,4.361314738908846,Fz+Pz,7102 amo,7102,amo
6.0,3.7063494283129073,Fz+Pz,7102 amo,7102,amo
6.5,4.160267593538049,Fz+Pz,7102 amo,7102,amo
7.0,3.639298651280736,Fz+Pz,7102 amo,7102,amo
7.5,3.4151464544463637,Fz+Pz,7102 amo,7102,amo
8.0,2.9564348865522816,Fz+Pz,7102 amo,7102,amo
8.5,2.752747879063784,Fz+Pz,7102 amo,7102,amo
9.0,3.268357258771539,Fz+Pz,7102 amo,7102,amo
9.5,4.026781089910944,Fz+Pz,7102 amo,7102,amo
10.0,4.7930488714473745,Fz+Pz,7102 amo,7102,amo
10.5,5.658999663227052,Fz+Pz,7102 amo,7102,amo
11.0,4.828689059419105,Fz+Pz,7102 amo,7102,amo
11.5,3.2200379684863085,Fz+Pz,7102 amo,7102,amo
12.0,2.5950644139437653,Fz+Pz,7102 amo,7102,amo
12.5,3.1264631971534937,Fz+Pz,7102 amo,7102,amo
13.0,1.4556158203490703,Fz+Pz,7102 amo,7102,amo
13.5,0.944274182799569,Fz+Pz,7102 amo,7102,amo
14.0,0.8874576762593358,Fz+Pz,7102 amo,7102,amo
14.5,0.8022342676395651,Fz+Pz,7102 amo,7102,amo
15.0,0.785747714500254,Fz+Pz,7102 amo,7102,amo
15.5,0.8021311752486434,Fz+Pz,7102 amo,7102,amo
16.0,0.7668788927312842,Fz+Pz,7102 amo,7102,amo
16.5,0.6953663283687961,Fz+Pz,7102 amo,7102,amo
17.0,0.6832705953783744,Fz+Pz,7102 amo,7102,amo
17.5,0.6794226745466057,Fz+Pz,7102 amo,7102,amo
18.0,0.9371511222824114,Fz+Pz,7102 amo,7102,amo
18.5,1.8796331035102147,Fz+Pz,7102 amo,7102,amo
19.0,0.8597946203605121,Fz+Pz,7102 amo,7102,amo
19.5,0.5845507210442688,Fz+Pz,7102 amo,7102,amo
20.0,0.5671007657900362,Fz+Pz,7102 amo,7102,amo
20.5,0.5050579897900693,Fz+Pz,7102 amo,7102,amo
21.0,0.5508758763533446,Fz+Pz,7102 amo,7102,amo
21.5,0.5352246954441587,Fz+Pz,7102 amo,7102,amo
22.0,0.5121260820933048,Fz+Pz,7102 amo,7102,amo
22.5,0.4852642543935824,Fz+Pz,7102 amo,7102,amo
23.0,0.477395313224778,Fz+Pz,7102 amo,7102,amo
23.5,0.45455722268168053,Fz+Pz,7102 amo,7102,amo
24.0,0.48147492020790905,Fz+Pz,7102 amo,7102,amo
24.5,0.6557179618103669,Fz+Pz,7102 amo,7102,amo
25.0,0.4320947342320661,Fz+Pz,7102 amo,7102,amo
25.5,0.4102921456495616,Fz+Pz,7102 amo,7102,amo
26.0,0.40678794738493573,Fz+Pz,7102 amo,7102,amo
26.5,0.37164195389615445,Fz+Pz,7102 amo,7102,amo
27.0,0.3855990527163855,Fz+Pz,7102 amo,7102,amo
27.5,0.39914729309596797,Fz+Pz,7102 amo,7102,amo
28.0,0.4196982903243962,Fz+Pz,7102 amo,7102,amo
28.5,0.37958836379311217,Fz+Pz,7102 amo,7102,amo
29.0,0.354931540200176,Fz+Pz,7102 amo,7102,amo
29.5,0.32365426540317443,Fz+Pz,7102 amo,7102,amo
30.0,0.26835759956597227,Fz+Pz,7102 amo,7102,amo
30.5,0.2458729748692729,Fz+Pz,7102 amo,7102,amo
31.0,0.24755274610744119,Fz+Pz,7102 amo,7102,amo
31.5,0.2607622942932486,Fz+Pz,7102 amo,7102,amo
32.0,0.26930161518668483,Fz+Pz,7102 amo,7102,amo
32.5,0.27803519653822845,Fz+Pz,7102 amo,7102,amo
33.0,0.261803502430641,Fz+Pz,7102 amo,7102,amo
33.5,0.3079783963781419,Fz+Pz,7102 amo,7102,amo
34.0,0.3783293233167322,Fz+Pz,7102 amo,7102,amo
34.5,0.3603826775881967,Fz+Pz,7102 amo,7102,amo
35.0,0.30196588903038873,Fz+Pz,7102 amo,7102,amo
35.5,0.2609082164299383,Fz+Pz,7102 amo,7102,amo
36.0,0.23776600756292085,Fz+Pz,7102 amo,7102,amo
36.5,0.2760858337617356,Fz+Pz,7102 amo,7102,amo
37.0,0.2425281291358227,Fz+Pz,7102 amo,7102,amo
37.5,0.24134736871302337,Fz+Pz,7102 amo,7102,amo
38.0,0.3606528843840597,Fz+Pz,7102 amo,7102,amo
38.5,0.2537009558867032,Fz+Pz,7102 amo,7102,amo
39.0,0.23875747166591652,Fz+Pz,7102 amo,7102,amo
39.5,0.21361921513203033,Fz+Pz,7102 amo,7102,amo
40.0,0.23552488678655392,Fz+Pz,7102 amo,7102,amo
1.0,65.60141714752726,Fz+Pz,7102 aut,7102,aut
1.5,46.181761056010245,Fz+Pz,7102 aut,7102,aut
2.0,34.384382592812834,Fz+Pz,7102 aut,7102,aut
2.5,26.647109107884194,Fz+Pz,7102 aut,7102,aut
3.0,18.57008969005049,Fz+Pz,7102 aut,7102,aut
3.5,12.103518026353722,Fz+Pz,7102 aut,7102,aut
4.0,10.069171160420623,Fz+Pz,7102 aut,7102,aut
4.5,8.411477348647926,Fz+Pz,7102 aut,7102,aut
5.0,6.236754998535769,Fz+Pz,7102 aut,7102,aut
5.5,4.915871131000687,Fz+Pz,7102 aut,7102,aut
6.0,4.212166517668632,Fz+Pz,7102 aut,7102,aut
6.5,4.9602285921621725,Fz+Pz,7102 aut,7102,aut
7.0,4.802280379734618,Fz+Pz,7102 aut,7102,aut
7.5,3.850048021261762,Fz+Pz,7102 aut,7102,aut
8.0,4.203311634149503,Fz+Pz,7102 aut,7102,aut
8.5,5.37375111567619,Fz+Pz,7102 aut,7102,aut
9.0,6.634857813442272,Fz+Pz,7102 aut,7102,aut
9.5,8.829449592771967,Fz+Pz,7102 aut,7102,aut
10.0,12.90955946383318,Fz+Pz,7102 aut,7102,aut
10.5,14.705585602707893,Fz+Pz,7102 aut,7102,aut
11.0,10.59405716095429,Fz+Pz,7102 aut,7102,aut
11.5,4.9280126794867956,Fz+Pz,7102 aut,7102,aut
12.0,2.856651824383948,Fz+Pz,7102 aut,7102,aut
12.5,2.9116454403031016,Fz+Pz,7102 aut,7102,aut
13.0,1.64075265582688,Fz+Pz,7102 aut,7102,aut
13.5,1.1279238093002624,Fz+Pz,7102 aut,7102,aut
14.0,1.0503320946204324,Fz+Pz,7102 aut,7102,aut
14.5,1.0398914434769266,Fz+Pz,7102 aut,7102,aut
15.0,0.951657735331081,Fz+Pz,7102 aut,7102,aut
15.5,0.9514451611600137,Fz+Pz,7102 aut,7102,aut
16.0,0.9689073396157364,Fz+Pz,7102 aut,7102,aut
16.5,1.0066971582927218,Fz+Pz,7102 aut,7102,aut
17.0,0.9736162306231205,Fz+Pz,7102 aut,7102,aut
17.5,0.921556826710787,Fz+Pz,7102 aut,7102,aut
18.0,0.9509506183152455,Fz+Pz,7102 aut,7102,aut
18.5,1.7431607374456992,Fz+Pz,7102 aut,7102,aut
19.0,1.1221686943192482,Fz+Pz,7102 aut,7102,aut
19.5,0.8441832918399078,Fz+Pz,7102 aut,7102,aut
20.0,0.8582358086807913,Fz+Pz,7102 aut,7102,aut
20.5,0.8827629654651256,Fz+Pz,7102 aut,7102,aut
21.0,0.877343455435634,Fz+Pz,7102 aut,7102,aut
21.5,0.760165952834151,Fz+Pz,7102 aut,7102,aut
22.0,0.7528049905246516,Fz+Pz,7102 aut,7102,aut
22.5,0.7127800999690144,Fz+Pz,7102 aut,7102,aut
23.0,0.654805468824603,Fz+Pz,7102 aut,7102,aut
23.5,0.5805134643344675,Fz+Pz,7102 aut,7102,aut
24.0,0.5763743088227871,Fz+Pz,7102 aut,7102,aut
24.5,0.7169460447288671,Fz+Pz,7102 aut,7102,aut
25.0,0.5813946129063677,Fz+Pz,7102 aut,7102,aut
25.5,0.5510707578744964,Fz+Pz,7102 aut,7102,aut
26.0,0.5064989019770991,Fz+Pz,7102 aut,7102,aut
26.5,0.530683814961234,Fz+Pz,7102 aut,7102,aut
27.0,0.5275274155034487,Fz+Pz,7102 aut,7102,aut
27.5,0.5170844034169417,Fz+Pz,7102 aut,7102,aut
28.0,0.5395494883746785,Fz+Pz,7102 aut,7102,aut
28.5,0.5130270973573534,Fz+Pz,7102 aut,7102,aut
29.0,0.46365024277426836,Fz+Pz,7102 aut,7102,aut
29.5,0.4117870889679153,Fz+Pz,7102 aut,7102,aut
30.0,0.39829428775599407,Fz+Pz,7102 aut,7102,aut
30.5,0.4070378366591503,Fz+Pz,7102 aut,7102,aut
31.0,0.4202926382650651,Fz+Pz,7102 aut,7102,aut
31.5,0.350567771115695,Fz+Pz,7102 aut,7102,aut
32.0,0.35226919643582427,Fz+Pz,7102 aut,7102,aut
32.5,0.33981078371074086,Fz+Pz,7102 aut,7102,aut
33.0,0.36196845271100536,Fz+Pz,7102 aut,7102,aut
33.5,0.35407798964494286,Fz+Pz,7102 aut,7102,aut
34.0,0.46085083499571833,Fz+Pz,7102 aut,7102,aut
34.5,0.494375364264797,Fz+Pz,7102 aut,7102,aut
35.0,0.4105861756895264,Fz+Pz,7102 aut,7102,aut
35.5,0.40151748968836254,Fz+Pz,7102 aut,7102,aut
36.0,0.35801585214587567,Fz+Pz,7102 aut,7102,aut
36.5,0.39279830412319405,Fz+Pz,7102 aut,7102,aut
37.0,0.3847792931412181,Fz+Pz,7102 aut,7102,aut
37.5,0.385233913093292,Fz+Pz,7102 aut,7102,aut
38.0,0.4319978461691892,Fz+Pz,7102 aut,7102,aut
38.5,0.3831543492760854,Fz+Pz,7102 aut,7102,aut
39.0,0.3629065822733084,Fz+Pz,7102 aut,7102,aut
39.5,0.31077781634782065,Fz+Pz,7102 aut,7102,aut
40.0,0.34559532236285323,Fz+Pz,7102 aut,7102,aut
1.0,53.10597432493853,Fz+Pz,7103 amo,7103,amo
1.5,28.150091260025903,Fz+Pz,7103 amo,7103,amo
2.0,14.225964404737427,Fz+Pz,7103 amo,7103,amo
2.5,10.12432916887581,Fz+Pz,7103 amo,7103,amo
3.0,8.445390768819147,Fz+Pz,7103 amo,7103,amo
3.5,9.031085533682543,Fz+Pz,7103 amo,7103,amo
4.0,7.907564906327319,Fz+Pz,7103 amo,7103,amo
4.5,5.894512126524672,Fz+Pz,7103 amo,7103,amo
5.0,6.727519418001677,Fz+Pz,7103 amo,7103,amo
5.5,5.684728384929644,Fz+Pz,7103 amo,7103,amo
6.0,5.529006874263347,Fz+Pz,7103 amo,7103,amo
6.5,6.224369283452942,Fz+Pz,7103 amo,7103,amo
7.0,5.2587502029962945,Fz+Pz,7103 amo,7103,amo
7.5,5.339520736950976,Fz+Pz,7103 amo,7103,amo
8.0,5.136443209023499,Fz+Pz,7103 amo,7103,amo
8.5,4.524794953127708,Fz+Pz,7103 amo,7103,amo
9.0,4.427518936325191,Fz+Pz,7103 amo,7103,amo
9.5,4.088024629224478,Fz+Pz,7103 amo,7103,amo
10.0,3.6301427890239477,Fz+Pz,7103 amo,7103,amo
10.5,3.857511563961898,Fz+Pz,7103 amo,7103,amo
11.0,3.929605904816861,Fz+Pz,7103 amo,7103,amo
11.5,3.851525934101886,Fz+Pz,7103 amo,7103,amo
12.0,4.073888650050658,Fz+Pz,7103 amo,7103,amo
12.5,4.502056649687908,Fz+Pz,7103 amo,7103,amo
13.0,3.411182984810189,Fz+Pz,7103 amo,7103,amo
13.5,3.212841340113444,Fz+Pz,7103 amo,7103,amo
14.0,3.0951157870273516,Fz+Pz,7103 amo,7103,amo
14.5,2.7898917711184774,Fz+Pz,7103 amo,7103,amo
15.0,2.784269668344499,Fz+Pz,7103 amo,7103,amo
15.5,2.717873179363922,Fz+Pz,7103 amo,7103,amo
16.0,2.7267237245294536,Fz+Pz,7103 amo,7103,amo
16.5,2.9063406104561915,Fz+Pz,7103 amo,7103,amo
17.0,2.7239076696643996,Fz+Pz,7103 amo,7103,amo
17.5,2.5021575156783413,Fz+Pz,7103 amo,7103,amo
18.0,2.6710993111264703,Fz+Pz,7103 amo,7103,amo
18.5,3.1041141324585206,Fz+Pz,7103 amo,7103,amo
19.0,2.4490821126107036,Fz+Pz,7103 amo,7103,amo
19.5,2.409533031134747,Fz+Pz,7103 amo,7103,amo
20.0,2.1785885949413446,Fz+Pz,7103 amo,7103,amo
20.5,2.082284680956948,Fz+Pz,7103 amo,7103,amo
21.0,1.8936079670294759,Fz+Pz,7103 amo,7103,amo
21.5,1.7105389342543882,Fz+Pz,7103 amo,7103,amo
22.0,1.5788963729783139,Fz+Pz,7103 amo,7103,amo
22.5,1.3862183842678568,Fz+Pz,7103 amo,7103,amo
23.0,1.3339903510156923,Fz+Pz,7103 amo,7103,amo
23.5,1.3142466104721366,Fz+Pz,7103 amo,7103,amo
24.0,1.2872685323763509,Fz+Pz,7103 amo,7103,amo
24.5,1.3053844270721147,Fz+Pz,7103 amo,7103,amo
25.0,1.0553216051021272,Fz+Pz,7103 amo,7103,amo
25.5,0.9635950479533009,Fz+Pz,7103 amo,7103,amo
26.0,0.9371853466157237,Fz+Pz,7103 amo,7103,amo
26.5,0.8714276428643979,Fz+Pz,7103 amo,7103,amo
27.0,0.7697117686126962,Fz+Pz,7103 amo,7103,amo
27.5,0.6850719828147346,Fz+Pz,7103 amo,7103,amo
28.0,0.6230030264194846,Fz+Pz,7103 amo,7103,amo
28.5,0.6107085036775145,Fz+Pz,7103 amo,7103,amo
29.0,0.5888822893706314,Fz+Pz,7103 amo,7103,amo
29.5,0.5001674062621435,Fz+Pz,7103 amo,7103,amo
30.0,0.4904610294138493,Fz+Pz,7103 amo,7103,amo
30.5,0.4789632220315643,Fz+Pz,7103 amo,7103,amo
31.0,0.46827685536103303,Fz+Pz,7103 amo,7103,amo
31.5,0.4811959489323896,Fz+Pz,7103 amo,7103,amo
32.0,0.47152765625591814,Fz+Pz,7103 amo,7103,amo
32.5,0.41274749626881596,Fz+Pz,7103 amo,7103,amo
33.0,0.39978367892535116,Fz+Pz,7103 amo,7103,amo
33.5,0.38424764860640154,Fz+Pz,7103 amo,7103,amo
34.0,0.37165850310629267,Fz+Pz,7103 amo,7103,amo
34.5,0.34778219297339474,Fz+Pz,7103 amo,7103,amo
35.0,0.32343646835913176,Fz+Pz,7103 amo,7103,amo
35.5,0.3017661562557866,Fz+Pz,7103 amo,7103,amo
36.0,0.3174876905861199,Fz+Pz,7103 amo,7103,amo
36.5,0.34562034229919797,Fz+Pz,7103 amo,7103,amo
37.0,0.29645038611498487,Fz+Pz,7103 amo,7103,amo
37.5,0.2926588558156118,Fz+Pz,7103 amo,7103,amo
38.0,0.3531736619259722,Fz+Pz,7103 amo,7103,amo
38.5,0.31815758166073005,Fz+Pz,7103 amo,7103,amo
39.0,0.29739181953473554,Fz+Pz,7103 amo,7103,amo
39.5,0.2663829277629725,Fz+Pz,7103 amo,7103,amo
40.0,0.25133732891864813,Fz+Pz,7103 amo,7103,amo
1.0,69.71685117668811,Fz+Pz,7103 aut,7103,aut
1.5,35.4223982688645,Fz+Pz,7103 aut,7103,aut
2.0,17.38657328088654,Fz+Pz,7103 aut,7103,aut
2.5,12.249603470791461,Fz+Pz,7103 aut,7103,aut
3.0,9.387554862183308,Fz+Pz,7103 aut,7103,aut
3.5,8.887842092438007,Fz+Pz,7103 aut,7103,aut
4.0,9.194732330443486,Fz+Pz,7103 aut,7103,aut
4.5,6.0130825532398156,Fz+Pz,7103 aut,7103,aut
5.0,6.903465825804047,Fz+Pz,7103 aut,7103,aut
5.5,7.185824420113473,Fz+Pz,7103 aut,7103,aut
6.0,6.240053028941238,Fz+Pz,7103 aut,7103,aut
6.5,7.76213460941865,Fz+Pz,7103 aut,7103,aut
7.0,6.341152647614432,Fz+Pz,7103 aut,7103,aut
7.5,5.770927145565572,Fz+Pz,7103 aut,7103,aut
8.0,5.8405035489384645,Fz+Pz,7103 aut,7103,aut
8.5,5.080532735651316,Fz+Pz,7103 aut,7103,aut
9.0,5.004134550534635,Fz+Pz,7103 aut,7103,aut
9.5,4.7843128756194755,Fz+Pz,7103 aut,7103,aut
10.0,4.453602335481664,Fz+Pz,7103 aut,7103,aut
10.5,4.398112371922433,Fz+Pz,7103 aut,7103,aut
11.0,4.74826430899575,Fz+Pz,7103 aut,7103,aut
11.5,5.448992093731758,Fz+Pz,7103 aut,7103,aut
12.0,5.899553467211112,Fz+Pz,7103 aut,7103,aut
12.5,5.580878953148442,Fz+Pz,7103 aut,7103,aut
13.0,4.2731540377588315,Fz+Pz,7103 aut,7103,aut
13.5,3.885147424200861,Fz+Pz,7103 aut,7103,aut
14.0,3.28757171523732,Fz+Pz,7103 aut,7103,aut
14.5,3.180823525426732,Fz+Pz,7103 aut,7103,aut
15.0,3.10777505096877,Fz+Pz,7103 aut,7103,aut
15.5,3.048854402256996,Fz+Pz,7103 aut,7103,aut
16.0,3.222390935222353,Fz+Pz,7103 aut,7103,aut
16.5,3.070102241992392,Fz+Pz,7103 aut,7103,aut
17.0,3.071797758859491,Fz+Pz,7103 aut,7103,aut
17.5,3.058453469668053,Fz+Pz,7103 aut,7103,aut
18.0,3.2078347949996715,Fz+Pz,7103 aut,7103,aut
18.5,3.5740976586219055,Fz+Pz,7103 aut,7103,aut
19.0,2.840350243416073,Fz+Pz,7103 aut,7103,aut
19.5,2.740604942725455,Fz+Pz,7103 aut,7103,aut
20.0,2.6719245631061526,Fz+Pz,7103 aut,7103,aut
20.5,2.514323500630068,Fz+Pz,7103 aut,7103,aut
21.0,2.274938615049883,Fz+Pz,7103 aut,7103,aut
21.5,2.074567793756084,Fz+Pz,7103 aut,7103,aut
22.0,1.9370553587985329,Fz+Pz,7103 aut,7103,aut
22.5,1.7313833162415666,Fz+Pz,7103 aut,7103,aut
23.0,1.6933930992234427,Fz+Pz,7103 aut,7103,aut
23.5,1.6093729597841735,Fz+Pz,7103 aut,7103,aut
24.0,1.4666329532830655,Fz+Pz,7103 aut,7103,aut
24.5,1.470544639331075,Fz+Pz,7103 aut,7103,aut
25.0,1.1970114381071681,Fz+Pz,7103 aut,7103,aut
25.5,1.088515071300726,Fz+Pz,7103 aut,7103,aut
26.0,1.0104267954983301,Fz+Pz,7103 aut,7103,aut
26.5,1.0022583226604502,Fz+Pz,7103 aut,7103,aut
27.0,0.9883183482527025,Fz+Pz,7103 aut,7103,aut
27.5,0.809220541074986,Fz+Pz,7103 aut,7103,aut
28.0,0.8069746012463932,Fz+Pz,7103 aut,7103,aut
28.5,0.7572700820513001,Fz+Pz,7103 aut,7103,aut
29.0,0.6847354754479137,Fz+Pz,7103 aut,7103,aut
29.5,0.6587191687712313,Fz+Pz,7103 aut,7103,aut
30.0,0.6156162048639499,Fz+Pz,7103 aut,7103,aut
30.5,0.5693413775749205,Fz+Pz,7103 aut,7103,aut
31.0,0.5695982828502202,Fz+Pz,7103 aut,7103,aut
31.5,0.5733797234648232,Fz+Pz,7103 aut,7103,aut
32.0,0.5475550266204083,Fz+Pz,7103 aut,7103,aut
32.5,0.5025952815204631,Fz+Pz,7103 aut,7103,aut
33.0,0.5092741328448256,Fz+Pz,7103 aut,7103,aut
33.5,0.48939751472641957,Fz+Pz,7103 aut,7103,aut
34.0,0.4689209163462851,Fz+Pz,7103 aut,7103,aut
34.5,0.46567066551654823,Fz+Pz,7103 aut,7103,aut
35.0,0.4292918447234145,Fz+Pz,7103 aut,7103,aut
35.5,0.4250718164537378,Fz+Pz,7103 aut,7103,aut
36.0,0.4381144233924279,Fz+Pz,7103 aut,7103,aut
36.5,0.4556846026522232,Fz+Pz,7103 aut,7103,aut
37.0,0.391233130112908,Fz+Pz,7103 aut,7103,aut
37.5,0.40305097578689897,Fz+Pz,7103 aut,7103,aut
38.0,0.44276192029961686,Fz+Pz,7103 aut,7103,aut
38.5,0.40626547469607743,Fz+Pz,7103 aut,7103,aut
39.0,0.4163169882549432,Fz+Pz,7103 aut,7103,aut
39.5,0.4004574424744519,Fz+Pz,7103 aut,7103,aut
40.0,0.3599530134297668,Fz+Pz,7103 aut,7103,aut
1.0,56.865856347961795,Fz+Pz,7104 amo,7104,amo
1.5,30.71783880634322,Fz+Pz,7104 amo,7104,amo
2.0,15.317460158945515,Fz+Pz,7104 amo,7104,amo
2.5,9.523304966529881,Fz+Pz,7104 amo,7104,amo
3.0,8.111416350902592,Fz+Pz,7104 amo,7104,amo
3.5,6.522302421943968,Fz+Pz,7104 amo,7104,amo
4.0,5.055079237973266,Fz+Pz,7104 amo,7104,amo
4.5,4.584957086352281,Fz+Pz,7104 amo,7104,amo
5.0,3.6970054606524503,Fz+Pz,7104 amo,7104,amo
5.5,3.224448690628561,Fz+Pz,7104 amo,7104,amo
6.0,3.218584109775107,Fz+Pz,7104 amo,7104,amo
6.5,3.1841567555909793,Fz+Pz,7104 amo,7104,amo
7.0,2.4436539708074876,Fz+Pz,7104 amo,7104,amo
7.5,2.3088161268492744,Fz+Pz,7104 amo,7104,amo
8.0,2.284266840106103,Fz+Pz,7104 amo,7104,amo
8.5,2.197075485108178,Fz+Pz,7104 amo,7104,amo
9.0,2.293474567389985,Fz+Pz,7104 amo,7104,amo
9.5,2.323650089111256,Fz+Pz,7104 amo,7104,amo
10.0,2.5117772780085286,Fz+Pz,7104 amo,7104,amo
10.5,2.7133271291327574,Fz+Pz,7104 amo,7104,amo
11.0,2.294627039043858,Fz+Pz,7104 amo,7104,amo
11.5,1.8522619431979503,Fz+Pz,7104 amo,7104,amo
12.0,1.6718746590193219,Fz+Pz,7104 amo,7104,amo
12.5,2.0888054621308942,Fz+Pz,7104 amo,7104,amo
13.0,1.522307629230185,Fz+Pz,7104 amo,7104,amo
13.5,1.3433401776432037,Fz+Pz,7104 amo,7104,amo
14.0,1.3192841518196168,Fz+Pz,7104 amo,7104,amo
14.5,1.1625304551237563,Fz+Pz,7104 amo,7104,amo
15.0,1.0905377395212954,Fz+Pz,7104 amo,7104,amo
15.5,1.1272777249189159,Fz+Pz,7104 amo,7104,amo
16.0,1.1212476493267762,Fz+Pz,7104 amo,7104,amo
16.5,1.1091067983909428,Fz+Pz,7104 amo,7104,amo
17.0,1.0328876735298356,Fz+Pz,7104 amo,7104,amo
17.5,0.9806498921055042,Fz+Pz,7104 amo,7104,amo
18.0,1.0925288314508697,Fz+Pz,7104 amo,7104,amo
18.5,1.6305100796669767,Fz+Pz,7104 amo,7104,amo
19.0,1.195085579891949,Fz+Pz,7104 amo,7104,amo
19.5,0.9789610673603261,Fz+Pz,7104 amo,7104,amo
20.0,0.9503954835980013,Fz+Pz,7104 amo,7104,amo
20.5,0.9307046404961206,Fz+Pz,7104 amo,7104,amo
21.0,1.0097354118051367,Fz+Pz,7104 amo,7104,amo
21.5,0.9884807271078359,Fz+Pz,7104 amo,7104,amo
22.0,0.9477669006289637,Fz+Pz,7104 amo,7104,amo
22.5,0.9032366387593964,Fz+Pz,7104 amo,7104,amo
23.0,0.9013701611287313,Fz+Pz,7104 amo,7104,amo
23.5,0.8828135281627605,Fz+Pz,7104 amo,7104,amo
24.0,0.9377611481247972,Fz+Pz,7104 amo,7104,amo
24.5,0.9857708360003268,Fz+Pz,7104 amo,7104,amo
25.0,0.7954997073814489,Fz+Pz,7104 amo,7104,amo
25.5,0.8083157802387205,Fz+Pz,7104 amo,7104,amo
26.0,0.7979347206453044,Fz+Pz,7104 amo,7104,amo
26.5,0.7724315749235726,Fz+Pz,7104 amo,7104,amo
27.0,0.7127758164575351,Fz+Pz,7104 amo,7104,amo
27.5,0.6851275364398723,Fz+Pz,7104 amo,7104,amo
28.0,0.7167058869967706,Fz+Pz,7104 amo,7104,amo
28.5,0.7397585506340749,Fz+Pz,7104 amo,7104,amo
29.0,0.6966229713519084,Fz+Pz,7104 amo,7104,amo
29.5,0.6139340994791785,Fz+Pz,7104 amo,7104,amo
30.0,0.5860553265890118,Fz+Pz,7104 amo,7104,amo
30.5,0.5670431853300021,Fz+Pz,7104 amo,7104,amo
31.0,0.5960620624319044,Fz+Pz,7104 amo,7104,amo
31.5,0.6201533463272864,Fz+Pz,7104 amo,7104,amo
32.0,0.5654058625647898,Fz+Pz,7104 amo,7104,amo
32.5,0.54898376663295,Fz+Pz,7104 amo,7104,amo
33.0,0.5844746769375135,Fz+Pz,7104 amo,7104,amo
33.5,0.5779138622906446,Fz+Pz,7104 amo,7104,amo
34.0,0.572689613826245,Fz+Pz,7104 amo,7104,amo
34.5,0.6074174615152699,Fz+Pz,7104 amo,7104,amo
35.0,0.5795802723778813,Fz+Pz,7104 amo,7104,amo
35.5,0.5485772386036745,Fz+Pz,7104 amo,7104,amo
36.0,0.5421491818009416,Fz+Pz,7104 amo,7104,amo
36.5,0.5555377274992566,Fz+Pz,7104 amo,7104,amo
37.0,0.5198764948760584,Fz+Pz,7104 amo,7104,amo
37.5,0.5369627798132823,Fz+Pz,7104 amo,7104,amo
38.0,0.6036733114982529,Fz+Pz,7104 amo,7104,amo
38.5,0.5202787764659113,Fz+Pz,7104 amo,7104,amo
39.0,0.524143212083774,Fz+Pz,7104 amo,7104,amo
39.5,0.5159520087196674,Fz+Pz,7104 amo,7104,amo
40.0,0.5113323266921834,Fz+Pz,7104 amo,7104,amo
1.0,64.03948090650974,Fz+Pz,7104 aut,7104,aut
1.5,34.35022753595659,Fz+Pz,7104 aut,7104,aut
2.0,16.624168689181833,Fz+Pz,7104 aut,7104,aut
2.5,10.338553145525655,Fz+Pz,7104 aut,7104,aut
3.0,9.481672381821417,Fz+Pz,7104 aut,7104,aut
3.5,7.414776677234757,Fz+Pz,7104 aut,7104,aut
4.0,5.961974470643225,Fz+Pz,7104 aut,7104,aut
4.5,4.96163686232908,Fz+Pz,7104 aut,7104,aut
5.0,4.038114340750754,Fz+Pz,7104 aut,7104,aut
5.5,3.6412797634724114,Fz+Pz,7104 aut,7104,aut
6.0,3.7100911132775014,Fz+Pz,7104 aut,7104,aut
6.5,3.2297763427193145,Fz+Pz,7104 aut,7104,aut
7.0,2.4957677943723593,Fz+Pz,7104 aut,7104,aut
7.5,2.3838976382132007,Fz+Pz,7104 aut,7104,aut
8.0,2.4739600761769425,Fz+Pz,7104 aut,7104,aut
8.5,2.4078584081888885,Fz+Pz,7104 aut,7104,aut
9.0,2.6342256149235252,Fz+Pz,7104 aut,7104,aut
9.5,2.8310000121997723,Fz+Pz,7104 aut,7104,aut
10.0,3.228904929217216,Fz+Pz,7104 aut,7104,aut
10.5,3.6808190703019603,Fz+Pz,7104 aut,7104,aut
11.0,3.283665505357799,Fz+Pz,7104 aut,7104,aut
11.5,2.5864429333829455,Fz+Pz,7104 aut,7104,aut
12.0,1.9374054073483933,Fz+Pz,7104 aut,7104,aut
12.5,2.190001365875926,Fz+Pz,7104 aut,7104,aut
13.0,1.675304647480738,Fz+Pz,7104 aut,7104,aut
13.5,1.5601830780980352,Fz+Pz,7104 aut,7104,aut
14.0,1.4746471869600795,Fz+Pz,7104 aut,7104,aut
14.5,1.3153773407902385,Fz+Pz,7104 aut,7104,aut
15.0,1.1706895616910786,Fz+Pz,7104 aut,7104,aut
15.5,1.2914123433728397,Fz+Pz,7104 aut,7104,aut
16.0,1.3597340395526305,Fz+Pz,7104 aut,7104,aut
16.5,1.313389664733169,Fz+Pz,7104 aut,7104,aut
17.0,1.2594728294868947,Fz+Pz,7104 aut,7104,aut
17.5,1.19159074345589,Fz+Pz,7104 aut,7104,aut
18.0,1.1857371042359248,Fz+Pz,7104 aut,7104,aut
18.5,1.5741930014120724,Fz+Pz,7104 aut,7104,aut
19.0,1.3234623309499978,Fz+Pz,7104 aut,7104,aut
19.5,1.0916422649066155,Fz+Pz,7104 aut,7104,aut
20.0,1.0427136654909035,Fz+Pz,7104 aut,7104,aut
20.5,1.1278884685990056,Fz+Pz,7104 aut,7104,aut
21.0,1.1380679093741028,Fz+Pz,7104 aut,7104,aut
21.5,1.1555469886448138,Fz+Pz,7104 aut,7104,aut
22.0,1.1769991835983427,Fz+Pz,7104 aut,7104,aut
22.5,1.050231819009561,Fz+Pz,7104 aut,7104,aut
23.0,0.9861323364718961,Fz+Pz,7104 aut,7104,aut
23.5,1.060160065217917,Fz+Pz,7104 aut,7104,aut
24.0,1.0385072020076713,Fz+Pz,7104 aut,7104,aut
24.5,1.0685531194389197,Fz+Pz,7104 aut,7104,aut
25.0,0.9536640034969788,Fz+Pz,7104 aut,7104,aut
25.5,0.9504359638080045,Fz+Pz,7104 aut,7104,aut
26.0,0.9811790508187848,Fz+Pz,7104 aut,7104,aut
26.5,0.9316926278604598,Fz+Pz,7104 aut,7104,aut
27.0,0.876355092541249,Fz+Pz,7104 aut,7104,aut
27.5,0.8412642962409074,Fz+Pz,7104 aut,7104,aut
28.0,0.8118199123978345,Fz+Pz,7104 aut,7104,aut
28.5,0.8165667658793736,Fz+Pz,7104 aut,7104,aut
29.0,0.745519283711476,Fz+Pz,7104 aut,7104,aut
29.5,0.7249298360661949,Fz+Pz,7104 aut,7104,aut
30.0,0.7239324418636632,Fz+Pz,7104 aut,7104,aut
30.5,0.723304524135423,Fz+Pz,7104 aut,7104,aut
31.0,0.7324372411374591,Fz+Pz,7104 aut,7104,aut
31.5,0.7169952791047518,Fz+Pz,7104 aut,7104,aut
32.0,0.7000025439063207,Fz+Pz,7104 aut,7104,aut
32.5,0.6797522172604735,Fz+Pz,7104 aut,7104,aut
33.0,0.6673394516424368,Fz+Pz,7104 aut,7104,aut
33.5,0.6664933191315948,Fz+Pz,7104 aut,7104,aut
34.0,0.7099262024688285,Fz+Pz,7104 aut,7104,aut
34.5,0.6644095819781461,Fz+Pz,7104 aut,7104,aut
35.0,0.6332370709547748,Fz+Pz,7104 aut,7104,aut
35.5,0.633244751890188,Fz+Pz,7104 aut,7104,aut
36.0,0.6342333773846615,Fz+Pz,7104 aut,7104,aut
36.5,0.6557834571840224,Fz+Pz,7104 aut,7104,aut
37.0,0.6357415276417322,Fz+Pz,7104 aut,7104,aut
37.5,0.6079184258248261,Fz+Pz,7104 aut,7104,aut
38.0,0.6632222364225835,Fz+Pz,7104 aut,7104,aut
38.5,0.6168600217703373,Fz+Pz,7104 aut,7104,aut
39.0,0.5972197916948249,Fz+Pz,7104 aut,7104,aut
39.5,0.5687114839849382,Fz+Pz,7104 aut,7104,aut
40.0,0.5550763912795741,Fz+Pz,7104 aut,7104,aut
1.0,255.68150353263178,Fz+Pz,7105 amo,7105,amo
1.5,116.36238035017539,Fz+Pz,7105 amo,7105,amo
2.0,46.066234510220426,Fz+Pz,7105 amo,7105,amo
2.5,24.95857677610035,Fz+Pz,7105 amo,7105,amo
3.0,21.606056510066097,Fz+Pz,7105 amo,7105,amo
3.5,18.763306800307596,Fz+Pz,7105 amo,7105,amo
4.0,13.776813410209499,Fz+Pz,7105 amo,7105,amo
4.5,9.866004881004379,Fz+Pz,7105 amo,7105,amo
5.0,8.711196511800694,Fz+Pz,7105 amo,7105,amo
5.5,10.565415401404062,Fz+Pz,7105 amo,7105,amo
6.0,11.453847981730554,Fz+Pz,7105 amo,7105,amo
6.5,9.136544496160733,Fz+Pz,7105 amo,7105,amo
7.0,6.420089861000836,Fz+Pz,7105 amo,7105,amo
7.5,5.119838367650215,Fz+Pz,7105 amo,7105,amo
8.0,5.624359537132181,Fz+Pz,7105 amo,7105,amo
8.5,6.441377397265048,Fz+Pz,7105 amo,7105,amo
9.0,6.4897013353392605,Fz+Pz,7105 amo,7105,amo
9.5,5.002713934603073,Fz+Pz,7105 amo,7105,amo
10.0,4.547406185135515,Fz+Pz,7105 amo,7105,amo
10.5,5.593220039968198,Fz+Pz,7105 amo,7105,amo
11.0,6.317603726703325,Fz+Pz,7105 amo,7105,amo
11.5,5.686466614484528,Fz+Pz,7105 amo,7105,amo
12.0,3.598360805121298,Fz+Pz,7105 amo,7105,amo
12.5,2.467868139977705,Fz+Pz,7105 amo,7105,amo
13.0,2.2266333868183437,Fz+Pz,7105 amo,7105,amo
13.5,2.5019090492210614,Fz+Pz,7105 amo,7105,amo
14.0,2.2237882685505346,Fz+Pz,7105 amo,7105,amo
14.5,1.4748612216146286,Fz+Pz,7105 amo,7105,amo
15.0,1.2012466479176949,Fz+Pz,7105 amo,7105,amo
15.5,1.4573600549155006,Fz+Pz,7105 amo,7105,amo
16.0,1.9156174303409426,Fz+Pz,7105 amo,7105,amo
16.5,1.8685007930196498,Fz+Pz,7105 amo,7105,amo
17.0,1.483579543668095,Fz+Pz,7105 amo,7105,amo
17.5,0.9909297170392171,Fz+Pz,7105 amo,7105,amo
18.0,0.9089715850771968,Fz+Pz,7105 amo,7105,amo
18.5,1.1968971722577473,Fz+Pz,7105 amo,7105,amo
19.0,1.126900582954277,Fz+Pz,7105 amo,7105,amo
19.5,0.9207824352668794,Fz+Pz,7105 amo,7105,amo
20.0,0.718171698232422,Fz+Pz,7105 amo,7105,amo
20.5,0.7980029652775102,Fz+Pz,7105 amo,7105,amo
21.0,0.940908193560191,Fz+Pz,7105 amo,7105,amo
21.5,0.9346846902191392,Fz+Pz,7105 amo,7105,amo
22.0,0.761055977878967,Fz+Pz,7105 amo,7105,amo
22.5,0.6133187875988673,Fz+Pz,7105 amo,7105,amo
23.0,0.6828304920461497,Fz+Pz,7105 amo,7105,amo
23.5,0.864198611677911,Fz+Pz,7105 amo,7105,amo
24.0,0.8816175045022296,Fz+Pz,7105 amo,7105,amo
24.5,0.7354233793746687,Fz+Pz,7105 amo,7105,amo
25.0,0.5525808664696396,Fz+Pz,7105 amo,7105,amo
25.5,0.5066897245845292,Fz+Pz,7105 amo,7105,amo
26.0,0.5997521061039208,Fz+Pz,7105 amo,7105,amo
26.5,0.6052787943509546,Fz+Pz,7105 amo,7105,amo
27.0,0.49488600705085617,Fz+Pz,7105 amo,7105,amo
27.5,0.4471182535780964,Fz+Pz,7105 amo,7105,amo
28.0,0.5218957361329517,Fz+Pz,7105 amo,7105,amo
28.5,0.614954850204463,Fz+Pz,7105 amo,7105,amo
29.0,0.61180708732995,Fz+Pz,7105 amo,7105,amo
29.5,0.4545378046191103,Fz+Pz,7105 amo,7105,amo
30.0,0.35061262414044936,Fz+Pz,7105 amo,7105,amo
30.5,0.42344119093200683,Fz+Pz,7105 amo,7105,amo
31.0,0.575443762004906,Fz+Pz,7105 amo,7105,amo
31.5,0.5850221022471005,Fz+Pz,7105 amo,7105,amo
32.0,0.45374227278082335,Fz+Pz,7105 amo,7105,amo
32.5,0.3152722709778838,Fz+Pz,7105 amo,7105,amo
33.0,0.3292511325948768,Fz+Pz,7105 amo,7105,amo
33.5,0.4004663717849771,Fz+Pz,7105 amo,7105,amo
34.0,0.41677334997068505,Fz+Pz,7105 amo,7105,amo
34.5,0.3423002951920995,Fz+Pz,7105 amo,7105,amo
35.0,0.28574078198402825,Fz+Pz,7105 amo,7105,amo
35.5,0.36021000495059163,Fz+Pz,7105 amo,7105,amo
36.0,0.4378334534895669,Fz+Pz,7105 amo,7105,amo
36.5,0.464856994508114,Fz+Pz,7105 amo,7105,amo
37.0,0.37147311436317015,Fz+Pz,7105 amo,7105,amo
37.5,0.26988804090662555,Fz+Pz,7105 amo,7105,amo
38.0,0.27936610967917186,Fz+Pz,7105 amo,7105,amo
38.5,0.31487992344074023,Fz+Pz,7105 amo,7105,amo
39.0,0.34152252902606184,Fz+Pz,7105 amo,7105,amo
39.5,0.30987402470989206,Fz+Pz,7105 amo,7105,amo
40.0,0.24424079844954566,Fz+Pz,7105 amo,7105,amo
1.0,193.06489043808017,Fz+Pz,7105 aut,7105,aut
1.5,98.99379265528226,Fz+Pz,7105 aut,7105,aut
2.0,40.50668701774523,Fz+Pz,7105 aut,7105,aut
2.5,23.19069916981152,Fz+Pz,7105 aut,7105,aut
3.0,20.574445504215873,Fz+Pz,7105 aut,7105,aut
3.5,16.92644087765303,Fz+Pz,7105 aut,7105,aut
4.0,10.907399787821062,Fz+Pz,7105 aut,7105,aut
4.5,7.76795095928917,Fz+Pz,7105 aut,7105,aut
5.0,7.953792712330485,Fz+Pz,7105 aut,7105,aut
5.5,10.512003755647338,Fz+Pz,7105 aut,7105,aut
6.0,11.708615292171219,Fz+Pz,7105 aut,7105,aut
6.5,9.626713887076004,Fz+Pz,7105 aut,7105,aut
7.0,6.79274334861452,Fz+Pz,7105 aut,7105,aut
7.5,5.432018016989184,Fz+Pz,7105 aut,7105,aut
8.0,6.071377350318225,Fz+Pz,7105 aut,7105,aut
8.5,6.854916157410029,Fz+Pz,7105 aut,7105,aut
9.0,6.6618649142418995,Fz+Pz,7105 aut,7105,aut
9.5,5.446917856974524,Fz+Pz,7105 aut,7105,aut
10.0,4.629925084880814,Fz+Pz,7105 aut,7105,aut
10.5,5.1930412882959445,Fz+Pz,7105 aut,7105,aut
11.0,5.476242219164346,Fz+Pz,7105 aut,7105,aut
11.5,4.857379829799607,Fz+Pz,7105 aut,7105,aut
12.0,3.5992635028636997,Fz+Pz,7105 aut,7105,aut
12.5,2.592973564789973,Fz+Pz,7105 aut,7105,aut
13.0,1.919108377160749,Fz+Pz,7105 aut,7105,aut
13.5,2.012385761916202,Fz+Pz,7105 aut,7105,aut
14.0,1.994117305874759,Fz+Pz,7105 aut,7105,aut
14.5,1.5565607092188078,Fz+Pz,7105 aut,7105,aut
15.0,1.2575171423685576,Fz+Pz,7105 aut,7105,aut
15.5,1.327884949600839,Fz+Pz,7105 aut,7105,aut
16.0,1.6439076012129392,Fz+Pz,7105 aut,7105,aut
16.5,1.6087563530189317,Fz+Pz,7105 aut,7105,aut
17.0,1.2769261727693062,Fz+Pz,7105 aut,7105,aut
17.5,0.9442884816858907,Fz+Pz,7105 aut,7105,aut
18.0,0.8703365127619939,Fz+Pz,7105 aut,7105,aut
18.5,1.0912782346894312,Fz+Pz,7105 aut,7105,aut
19.0,0.9636889900666098,Fz+Pz,7105 aut,7105,aut
19.5,0.8147661835998762,Fz+Pz,7105 aut,7105,aut
20.0,0.6496069811904619,Fz+Pz,7105 aut,7105,aut
20.5,0.6137029010430597,Fz+Pz,7105 aut,7105,aut
21.0,0.6829638461148309,Fz+Pz,7105 aut,7105,aut
21.5,0.6649378578156815,Fz+Pz,7105 aut,7105,aut
22.0,0.6141508081864278,Fz+Pz,7105 aut,7105,aut
22.5,0.5964943317511157,Fz+Pz,7105 aut,7105,aut
23.0,0.6889844769490103,Fz+Pz,7105 aut,7105,aut
23.5,0.7799679412199616,Fz+Pz,7105 aut,7105,aut
24.0,0.7441171722432687,Fz+Pz,7105 aut,7105,aut
24.5,0.6495550107904028,Fz+Pz,7105 aut,7105,aut
25.0,0.4736710300535618,Fz+Pz,7105 aut,7105,aut
25.5,0.5138579775243843,Fz+Pz,7105 aut,7105,aut
26.0,0.6198916890021839,Fz+Pz,7105 aut,7105,aut
26.5,0.6053085093504732,Fz+Pz,7105 aut,7105,aut
27.0,0.488231668969243,Fz+Pz,7105 aut,7105,aut
27.5,0.4552387325253211,Fz+Pz,7105 aut,7105,aut
28.0,0.49015247241404303,Fz+Pz,7105 aut,7105,aut
28.5,0.5416979872999023,Fz+Pz,7105 aut,7105,aut
29.0,0.5056158071345176,Fz+Pz,7105 aut,7105,aut
29.5,0.4010498749145345,Fz+Pz,7105 aut,7105,aut
30.0,0.33083266112038523,Fz+Pz,7105 aut,7105,aut
30.5,0.4048147277894641,Fz+Pz,7105 aut,7105,aut
31.0,0.565938438311224,Fz+Pz,7105 aut,7105,aut
31.5,0.578982574669693,Fz+Pz,7105 aut,7105,aut
32.0,0.4741731407813098,Fz+Pz,7105 aut,7105,aut
32.5,0.3087207531097251,Fz+Pz,7105 aut,7105,aut
33.0,0.28687139525199123,Fz+Pz,7105 aut,7105,aut
33.5,0.3397505976895076,Fz+Pz,7105 aut,7105,aut
34.0,0.36356406304399735,Fz+Pz,7105 aut,7105,aut
34.5,0.3093153168293735,Fz+Pz,7105 aut,7105,aut
35.0,0.2512028722710479,Fz+Pz,7105 aut,7105,aut
35.5,0.2714276734531702,Fz+Pz,7105 aut,7105,aut
36.0,0.3202830941098287,Fz+Pz,7105 aut,7105,aut
36.5,0.3631538702936388,Fz+Pz,7105 aut,7105,aut
37.0,0.3111581562130881,Fz+Pz,7105 aut,7105,aut
37.5,0.2334878487109906,Fz+Pz,7105 aut,7105,aut
38.0,0.22659129449747467,Fz+Pz,7105 aut,7105,aut
38.5,0.2613157736183262,Fz+Pz,7105 aut,7105,aut
39.0,0.30122568610229183,Fz+Pz,7105 aut,7105,aut
39.5,0.27382237695543316,Fz+Pz,7105 aut,7105,aut
40.0,0.21670274562507064,Fz+Pz,7105 aut,7105,aut
1.0,57.86298515069097,Fz+Pz,7106 amo,7106,amo
1.5,32.12841997316485,Fz+Pz,7106 amo,7106,amo
2.0,15.5272173098204,Fz+Pz,7106 amo,7106,amo
2.5,12.710385932230963,Fz+Pz,7106 amo,7106,amo
3.0,9.102570485874573,Fz+Pz,7106 amo,7106,amo
3.5,8.285048185639985,Fz+Pz,7106 amo,7106,amo
4.0,6.916469753601023,Fz+Pz,7106 amo,7106,amo
4.5,5.765530003925799,Fz+Pz,7106 amo,7106,amo
5.0,4.758866004966707,Fz+Pz,7106 amo,7106,amo
5.5,4.0924478549918515,Fz+Pz,7106 amo,7106,amo
6.0,3.893289588222312,Fz+Pz,7106 amo,7106,amo
6.5,5.222908488070435,Fz+Pz,7106 amo,7106,amo
7.0,4.003599791060783,Fz+Pz,7106 amo,7106,amo
7.5,3.9585843783007015,Fz+Pz,7106 amo,7106,amo
8.0,5.421353661460713,Fz+Pz,7106 amo,7106,amo
8.5,5.396022131542571,Fz+Pz,7106 amo,7106,amo
9.0,3.4180971286547,Fz+Pz,7106 amo,7106,amo
9.5,2.4227062738835574,Fz+Pz,7106 amo,7106,amo
10.0,2.020192136273903,Fz+Pz,7106 amo,7106,amo
10.5,1.7696308079070615,Fz+Pz,7106 amo,7106,amo
11.0,1.7374164958968905,Fz+Pz,7106 amo,7106,amo
11.5,1.6335915977447466,Fz+Pz,7106 amo,7106,amo
12.0,2.0247380022805745,Fz+Pz,7106 amo,7106,amo
12.5,4.6339015431445585,Fz+Pz,7106 amo,7106,amo
13.0,2.201429655186258,Fz+Pz,7106 amo,7106,amo
13.5,1.2053779222225,Fz+Pz,7106 amo,7106,amo
14.0,1.2277783974925072,Fz+Pz,7106 amo,7106,amo
14.5,1.1360829635382328,Fz+Pz,7106 amo,7106,amo
15.0,1.0693093380032095,Fz+Pz,7106 amo,7106,amo
15.5,1.151386207700262,Fz+Pz,7106 amo,7106,amo
16.0,1.1713631284766337,Fz+Pz,7106 amo,7106,amo
16.5,1.1409876049777399,Fz+Pz,7106 amo,7106,amo
17.0,1.0606240019513589,Fz+Pz,7106 amo,7106,amo
17.5,1.0176424636984345,Fz+Pz,7106 amo,7106,amo
18.0,1.4058347950310768,Fz+Pz,7106 amo,7106,amo
18.5,3.57189656567696,Fz+Pz,7106 amo,7106,amo
19.0,1.723074055448356,Fz+Pz,7106 amo,7106,amo
19.5,0.850829152480981,Fz+Pz,7106 amo,7106,amo
20.0,0.72511976267547,Fz+Pz,7106 amo,7106,amo
20.5,0.6991463292254153,Fz+Pz,7106 amo,7106,amo
21.0,0.6766447910518829,Fz+Pz,7106 amo,7106,amo
21.5,0.6002498740149285,Fz+Pz,7106 amo,7106,amo
22.0,0.592548203325928,Fz+Pz,7106 amo,7106,amo
22.5,0.56754559736304,Fz+Pz,7106 amo,7106,amo
23.0,0.578053287028686,Fz+Pz,7106 amo,7106,amo
23.5,0.6266092780865716,Fz+Pz,7106 amo,7106,amo
24.0,0.5997560043634851,Fz+Pz,7106 amo,7106,amo
24.5,1.0499356107661644,Fz+Pz,7106 amo,7106,amo
25.0,0.717723406932217,Fz+Pz,7106 amo,7106,amo
25.5,0.5819153927165487,Fz+Pz,7106 amo,7106,amo
26.0,0.6294544800910413,Fz+Pz,7106 amo,7106,amo
26.5,0.4819274623636145,Fz+Pz,7106 amo,7106,amo
27.0,0.44585807232217256,Fz+Pz,7106 amo,7106,amo
27.5,0.4401350771095889,Fz+Pz,7106 amo,7106,amo
28.0,0.42462678315668223,Fz+Pz,7106 amo,7106,amo
28.5,0.40490906548765626,Fz+Pz,7106 amo,7106,amo
29.0,0.4075334126164297,Fz+Pz,7106 amo,7106,amo
29.5,0.41243194665280125,Fz+Pz,7106 amo,7106,amo
30.0,0.4055556581298024,Fz+Pz,7106 amo,7106,amo
30.5,0.42107363674031006,Fz+Pz,7106 amo,7106,amo
31.0,0.4104226493874443,Fz+Pz,7106 amo,7106,amo
31.5,0.44803060241404097,Fz+Pz,7106 amo,7106,amo
32.0,0.4718458964353338,Fz+Pz,7106 amo,7106,amo
32.5,0.36647934379335767,Fz+Pz,7106 amo,7106,amo
33.0,0.3510317178550491,Fz+Pz,7106 amo,7106,amo
33.5,0.3525231951902582,Fz+Pz,7106 amo,7106,amo
34.0,0.3709219353001799,Fz+Pz,7106 amo,7106,amo
34.5,0.3547789939533984,Fz+Pz,7106 amo,7106,amo
35.0,0.34134180240555206,Fz+Pz,7106 amo,7106,amo
35.5,0.3622601891574919,Fz+Pz,7106 amo,7106,amo
36.0,0.355273820003259,Fz+Pz,7106 amo,7106,amo
36.5,0.5087927326397342,Fz+Pz,7106 amo,7106,amo
37.0,0.4209082001292201,Fz+Pz,7106 amo,7106,amo
37.5,0.4833760360200225,Fz+Pz,7106 amo,7106,amo
38.0,0.6411800478578864,Fz+Pz,7106 amo,7106,amo
38.5,0.3763164579753658,Fz+Pz,7106 amo,7106,amo
39.0,0.37007674824137754,Fz+Pz,7106 amo,7106,amo
39.5,0.3222245119903208,Fz+Pz,7106 amo,7106,amo
40.0,0.29042424370535835,Fz+Pz,7106 amo,7106,amo
1.0,49.855323065998235,Fz+Pz,7106 aut,7106,aut
1.5,28.791154649754382,Fz+Pz,7106 aut,7106,aut
2.0,15.344083909062983,Fz+Pz,7106 aut,7106,aut
2.5,11.872246428992394,Fz+Pz,7106 aut,7106,aut
3.0,9.00539861012905,Fz+Pz,7106 aut,7106,aut
3.5,7.249472452259692,Fz+Pz,7106 aut,7106,aut
4.0,6.601949784793036,Fz+Pz,7106 aut,7106,aut
4.5,5.572856464371176,Fz+Pz,7106 aut,7106,aut
5.0,4.660497930843563,Fz+Pz,7106 aut,7106,aut
5.5,4.135992383119286,Fz+Pz,7106 aut,7106,aut
6.0,4.113826028512296,Fz+Pz,7106 aut,7106,aut
6.5,4.858770673838285,Fz+Pz,7106 aut,7106,aut
7.0,4.848558286631452,Fz+Pz,7106 aut,7106,aut
7.5,7.850393092592987,Fz+Pz,7106 aut,7106,aut
8.0,14.66767625527049,Fz+Pz,7106 aut,7106,aut
8.5,11.267554722146379,Fz+Pz,7106 aut,7106,aut
9.0,5.014097683477434,Fz+Pz,7106 aut,7106,aut
9.5,2.810330974743602,Fz+Pz,7106 aut,7106,aut
10.0,2.2415278697842926,Fz+Pz,7106 aut,7106,aut
10.5,1.89479502289415,Fz+Pz,7106 aut,7106,aut
11.0,1.7404213052675384,Fz+Pz,7106 aut,7106,aut
11.5,1.5395460057396604,Fz+Pz,7106 aut,7106,aut
12.0,1.5875173409473233,Fz+Pz,7106 aut,7106,aut
12.5,3.495753533096334,Fz+Pz,7106 aut,7106,aut
13.0,1.9225006247793344,Fz+Pz,7106 aut,7106,aut
13.5,1.1790258207164643,Fz+Pz,7106 aut,7106,aut
14.0,1.1515383887100445,Fz+Pz,7106 aut,7106,aut
14.5,1.2069826403294968,Fz+Pz,7106 aut,7106,aut
15.0,1.226963780792523,Fz+Pz,7106 aut,7106,aut
15.5,1.3239070341408552,Fz+Pz,7106 aut,7106,aut
16.0,1.4849952065787486,Fz+Pz,7106 aut,7106,aut
16.5,1.4188583792496061,Fz+Pz,7106 aut,7106,aut
17.0,1.27881861432636,Fz+Pz,7106 aut,7106,aut
17.5,1.1941085993902358,Fz+Pz,7106 aut,7106,aut
18.0,1.320556234176451,Fz+Pz,7106 aut,7106,aut
18.5,2.7684810924476606,Fz+Pz,7106 aut,7106,aut
19.0,1.465256825468198,Fz+Pz,7106 aut,7106,aut
19.5,0.8857889821419954,Fz+Pz,7106 aut,7106,aut
20.0,0.8203253528318666,Fz+Pz,7106 aut,7106,aut
20.5,0.7338196089796509,Fz+Pz,7106 aut,7106,aut
21.0,0.7054646471443751,Fz+Pz,7106 aut,7106,aut
21.5,0.6795472413396263,Fz+Pz,7106 aut,7106,aut
22.0,0.6590158430202177,Fz+Pz,7106 aut,7106,aut
22.5,0.5856698828489918,Fz+Pz,7106 aut,7106,aut
23.0,0.6310027246774084,Fz+Pz,7106 aut,7106,aut
23.5,0.6619077422376078,Fz+Pz,7106 aut,7106,aut
24.0,0.6532406489508551,Fz+Pz,7106 aut,7106,aut
24.5,0.9578762775607272,Fz+Pz,7106 aut,7106,aut
25.0,0.6863471791068331,Fz+Pz,7106 aut,7106,aut
25.5,0.5550369475309074,Fz+Pz,7106 aut,7106,aut
26.0,0.6146903386149114,Fz+Pz,7106 aut,7106,aut
26.5,0.53582662149132,Fz+Pz,7106 aut,7106,aut
27.0,0.5124085309199812,Fz+Pz,7106 aut,7106,aut
27.5,0.4702284702113057,Fz+Pz,7106 aut,7106,aut
28.0,0.4695097287188814,Fz+Pz,7106 aut,7106,aut
28.5,0.4797283892389653,Fz+Pz,7106 aut,7106,aut
29.0,0.4531064613258772,Fz+Pz,7106 aut,7106,aut
29.5,0.4624523567137554,Fz+Pz,7106 aut,7106,aut
30.0,0.44363539191066187,Fz+Pz,7106 aut,7106,aut
30.5,0.448021631724197,Fz+Pz,7106 aut,7106,aut
31.0,0.4439575101487064,Fz+Pz,7106 aut,7106,aut
31.5,0.454502432581527,Fz+Pz,7106 aut,7106,aut
32.0,0.4819406938538259,Fz+Pz,7106 aut,7106,aut
32.5,0.4385024464887646,Fz+Pz,7106 aut,7106,aut
33.0,0.4042688133636692,Fz+Pz,7106 aut,7106,aut
33.5,0.3988059759142059,Fz+Pz,7106 aut,7106,aut
34.0,0.3907115620349828,Fz+Pz,7106 aut,7106,aut
34.5,0.37631924367359026,Fz+Pz,7106 aut,7106,aut
35.0,0.37830155481696165,Fz+Pz,7106 aut,7106,aut
35.5,0.42192684505256506,Fz+Pz,7106 aut,7106,aut
36.0,0.42966688977155665,Fz+Pz,7106 aut,7106,aut
36.5,0.4931802950254478,Fz+Pz,7106 aut,7106,aut
37.0,0.4498249303962776,Fz+Pz,7106 aut,7106,aut
37.5,0.47638111646558634,Fz+Pz,7106 aut,7106,aut
38.0,0.5878848105820323,Fz+Pz,7106 aut,7106,aut
38.5,0.42302475550631924,Fz+Pz,7106 aut,7106,aut
39.0,0.43010694442959596,Fz+Pz,7106 aut,7106,aut
39.5,0.4009654793946494,Fz+Pz,7106 aut,7106,aut
40.0,0.370925010271746,Fz+Pz,7106 aut,7106,aut
